:020000040800F2
:100000007011002029A90008919F0008939F000803
:10001000959F0008979F0008999F00080000000026
:100020000000000000000000000000009B9F00088E
:100030009D9F0008000000009F9F0008A19F0008EE
:10004000A59F000841A9000845A9000849A9000882
:100050004DA9000851A9000855A9000859A9000890
:100060005DA9000861A9000865A90008AB9F000808
:1000700069A900086DA9000871A9000875A9000800
:1000800079A900087DA9000881A9000885A90008B0
:1000900089A900088DA9000891A9000895A9000860
:1000A000E79F0008E99F0008F19F000899A9000850
:1000B0009DA90008A1A90008F39F0008A5A90008B0
:1000C000A9A90008ADA90008B1A90008B5A90008B0
:1000D000B9A90008F99F0008BDA90008C1A9000836
:1000E000C5A90008C9A90008CDA9000878B59AA437
:1000F0008DB0DFF8243C25681D60521A002404E00E
:100100006618865D0DF80460641C9442F8DB0024D8
:100110000DF802406946184603F056FF0EB070BD58
:1001200080B5B2B000F00FF801F09BF9684603F01B
:100130006BFF00F001F819E082B24FF0FF3369461F
:10014000DFF8D80B70470146684603F067BF80B5FB
:10015000B2B0FFF7F8FF01F084F9684603F054FFEE
:1001600082B24FF0FF336946DFF8B40B03F09EFF15
:1001700033B000BD2DE9F0410746DFF8A81B386811
:10018000DFF8A44BDFF8A45BDFF8A46B884279D1D9
:10019000706840B9B068401CB0604FF40051DFF89F
:1001A000940B04F06AFBE86D401CE865B06A401CE3
:1001B000B0623069012802D17069401C7061306AF8
:1001C000012802D1F069401CF061706B012802D156
:1001D000B06B401CB063F06B012802D1306C401C46
:1001E0003064706C012802D1B06C401CB064F06CBB
:1001F000012802D1306D401C3065306B401C3063EB
:10020000F06D012802D1306E401C3066706D0128FF
:1002100002D1B06D401CB065E068012802D12069B0
:10022000401C20616068012802D1A068401CA060C9
:10023000706E002806DDB06E401C0028C4BF002090
:100240007066B066F06E002806DD306F401C002836
:10025000C4BF0020F0663067706F002806DDB06F05
:10026000401C0028C4BF00207067B067F06F0028F2
:1002700008DDD6F88000401C0028C4BF0020F067CD
:10028000C6F880003868DFF8B01A884260D1DFF81D
:10029000AC8A4FF48051404604F0E5FADFF8A07ACA
:1002A000012804BFA86E00280CD1706E401C3228B3
:1002B00007DB706600F052F80020B066012262622F
:1002C000A26170664FF40061404604F0CCFA012848
:1002D00004BFA86E01280CD1F06E401C322807DB49
:1002E000F06600F03BF80020306701226262A061F6
:1002F000F0664FF40041384604F0B5FA012804BF17
:10030000286E00280CD1706F401C322807DB706704
:1003100000F024F80020B06701222262E2617067D9
:100320004FF48041384604F09EFA012804BF286E3D
:1003300001280DD1F06F401C322808DBF06700F077
:100340000DF80020C6F8800001222262E061F0670B
:10035000BDE8F08100000000000000000022102134
:10036000384604F086BA2DE9F841DFF8C049DFF8D5
:10037000D48904F254558DB002F0C2F972A673A765
:1003800068B93946684603F01FFE2946684604F0FE
:1003900097FA314604F094FA6846FFF7D8FE42F225
:1003A000107004F0DBFA01F053F869A0FFF7CFFEFC
:1003B00001F012F904F5AD64414601F0C3FF68B9DC
:1003C0003946684603F000FE2146684604F078FA94
:1003D000314604F075FA6846FFF7B9FE0EB0BDE885
:1003E000F0814FF4FA51484300E0C0000146481E36
:1003F0000029FBD1704781B08DF800008DF8011005
:100400008DF802208DF80330009801B0704718B5C0
:10041000DFF83409DFF8284985B0026842F00402A9
:100420000260016801F0040100910099026842F045
:10043000040202601121006800F004000090802096
:10044000009A019000F007F840220192112100F07B
:1004500002F806B010BD02910222049201A92046C2
:1004600004F032B910B54FF47A70FFF7BEFFDFF831
:10047000DC48206840F0800000F02AF800F025F801
:10048000206820F0800000F023F8206820F0400071
:100490002060642016E010B500F060F8DFF8AC488A
:1004A000206820F0400000F013F8206820F0800061
:1004B00000F00EF800F009F8206840F0800020609D
:1004C0004FF47A70BDE810408FE7206840F040009C
:1004D0002060642089E72DE9F843DFF8445D804619
:1004E000686820F04000894600276860802608245C
:1004F00006EA080000286868CCBF40F0800020F0C1
:10050000800000F02AF800F025F8686820F040002C
:1005100068602968080648BF37437608641EE7D13B
:10052000686820F08000B9F1010F686006D100F022
:1005300011F8686820F0400000F00FF800F00EF8A5
:100540003846BDE8F28300003B00000041544400FF
:1005500041544800686840F040006860642044E707
:1005600038B504460D46FFF77DFF200A400040F0F5
:10057000A00000F046F80121E0B2FFF7ACFF012136
:100580002846FFF7A8FFFFF786FF0F20FFF729FF98
:10059000002032BD7FB50546000A00244600002039
:1005A0000DF804000DF80460FFF75CFF46F0A000B2
:1005B00000F027F80121E8B2FFF78DFFFFF752FFA7
:1005C00046F0A10000F01DF80021FF20FFF783FF97
:1005D0000DF80400FFF75FFF0120FFF702FF3CB1B9
:1005E0000DEB04011DF8040011F8012C824203D028
:1005F000641C092CD3DB01E004B070BD9DF8000041
:10060000FAE70121C0B266E738B500F007F86D1CC3
:10061000210AA8B2FFF7A4FF002032BD04460D4610
:10062000E1B228469CE77CB504460D4600260094BE
:1006300070191DF8061000F02BF8761C042EF6DB5E
:10064000002076BD38B50446601C00F05EF8054613
:100650002046FFF79FFF00EB052032BDF8B50446AA
:10066000FFF798FF00F010F8064600F04DF8074637
:10067000E41CA0B2FFF78EFF03463A4631462846F7
:1006800001B0BDE8F040B6E60546601C80B281E7E7
:1006900080B265E738B50024DFF8905600F0A4F981
:1006A000FF21A0B2FFF75CFF641CA0B2B0F5007F91
:1006B000F4DB31BDF8B504460D461646002702E0CE
:1006C000FFF7E6FF7F1C3819711E8F4202DAE95DE1
:1006D0000029F5D1BDE8F440002180B240E7F8B52B
:1006E00004460D461646002700E07F1C701E874218
:1006F00005DA381900F009F8E8550028F5D1AA19EB
:10070000002102F8011CF1BDA01C80B242E70146A5
:1007100009220120CEE7000110221030CAE7602133
:1007200081E764217FE768216EE76A216CE710B5F5
:100730000C4601465020FFF713FF2146BDE810404C
:1007400051200DE7014652200AE701460922012007
:10075000C5E750201EE751201CE752201AE76C2005
:1007600018E76D2016E76E2014E7602076E7642016
:1007700074E7682066E76A2064E7000003280FD862
:10078000DFE800F00205080B1022102007E010221D
:10079000202004E01022302001E0102240209EE7BB
:1007A00000200870704770B50FF20010FFF7B8FC1A
:1007B0000020FFF7EFFE5A2876D00FF20010DFF886
:1007C0006C450FF2FC150FF20426FFF7A9FC00F0B0
:1007D000CBFBFFF75FFF5A210020FFF7C1FE284641
:1007E000FFF795FF00F034FE00F070F800F030FEE7
:1007F00000F0FEF800F02CFE00F06EF800F028FE8D
:1008000000F067F800210020FFF791FF0020FFF7BC
:1008100099FF00F01DFE4FF07F50FFF780FFDFF8DB
:100820006C0DFFF77EFF00F013FE0A20FFF77BFF41
:100830003C20FFF77AFF00216C20FFF791FE00F0CB
:10084000CDF800F0CEF80922294604F2A45004F0B5
:1008500099F80E22314604F2545004F093F80E2217
:10086000314604F5AD6004F08DF80E22314604F2F5
:100870007C5004F087F80E22314604F5B26004F093
:1008800081F8002020666066A0663C22DFF83C0DFF
:10089000DFF83C1D2067E1660020A067E0670A21C1
:1008A000012021806280606770BD0000496E69741C
:1008B00020454550524F4D2E2E2E00004669727332
:1008C0007420496E69742E2E2E00000031460020DF
:1008D00021E7314603201EE7314602201BE7F8B529
:1008E0005A210020FFF73CFE0FF2D404DFF83C54FD
:1008F0000FF2D806DFF8D87C2046FFF708FF00F09B
:1009000073F8FFF7E3FF00F06FF800F071F800F004
:100910006BF8FFF7E1FF00F067F8FFF7DAFF00215F
:100920000020FFF704FF0020FFF70CFF00F05CF849
:100930003846FFF7F4FEDFF89C0CFFF7F2FE00F0FC
:1009400053F80A20FFF7EFFE3C20FFF7EEFE0021F0
:100950006C20FFF705FE00F041F800F042F8092294
:10096000214605F2A45004F00DF80E22314605F29E
:10097000545004F007F80E22314605F5AD6004F03E
:1009800001F80E22314605F27C5003F0FBFF0E22E7
:10099000314605F5B26003F0F5FFDFF8301C29673A
:1009A000002028666866A8660021A967E9670A2012
:1009B000EF6628803C2201216A806967F1BD000052
:1009C0003132333435363738000000002B393839AE
:1009D00031313131313131313100000000216D20B0
:1009E000BEE501216E20BBE505F14C0004F001B825
:1009F000314601208FE610B504460FF21000FFF7D4
:100A00008FFB2046BDE81040FFF78ABB3F204545DD
:100A100050524F4D205741524E494E473A00000028
:100A20000178FF2918BF00290BD00022815C31B169
:100A300020395F2905D2521C142AF7DB01E001207E
:100A40007047002070472DE9F0419EB00FF2003052
:100A5000B64CFFF765FB6846FFF777FE694604F280
:100A6000A45003F0DBFA6846FFF7DAFF28B90FF26B
:100A70000030FFF7C0FF00F077FA6A460FF204314A
:100A800000F06CFA00F06DFA00F0E2FC694600201C
:100A9000FFF774FE04F254556946284603F0BEFA87
:100AA00069460120FFF76AFE00F0D2FC04F5AD664E
:100AB0006946304603F0B2FA69460220FFF75EFE4F
:100AC00000F0C6FC04F27C576946384603F0A6FAEB
:100AD00069460320FFF752FE00F0BAFC04F5B26845
:100AE0006946404603F09AFA0FF2A020FFF718FB80
:100AF00000F0D5FE0FF2A020FFF712FB02F07EF807
:100B00000FF2A020FFF70CFB01F0E8FD0FF2A02090
:100B1000FFF706FB4046FFF703FBFFF71AFE2066D0
:100B2000002818BF012805D00FF29020FFF763FFBF
:100B300000F01AFA05A8226E0FF2982103F044FA89
:100B400000F00FFAFFF707FE6066002818BF0128C3
:100B500005D00FF28C20FFF74EFF00F005FA05A834
:100B6000626E0FF2942103F02FFA00F0FAF9FFF70A
:100B7000F4FDA06600281EBF01280FF28820FFF7B1
:100B80003AFFA26E0FF29421DFF8405DDFF8406D6E
:100B900000F0E4F900F0E5F9FFF7E7FD41000A167F
:100BA00012F1010FE06601D1090207D1314603F0CD
:100BB00035FF03D3294603F045FF03D80FF26C201D
:100BC000FFF719FF02F05DF902460B460FF27021A4
:100BD00005A803F0F9F900F0C4F9FFF7C8FD0146D4
:100BE0004800021612F1010F216701D1000208D15D
:100BF0000846314603F012FF03D3294603F022FFD3
:100C000003D80FF25020FFF7F6FE02F037F9024644
:100C10000B460FF2582105A803F0D6F900F0A1F910
:100C2000FFF7A7FD208042F2117508B1A84205DB4D
:100C30000FF24C20FFF7DFFE00F096F905A822889E
:100C40000FF2502103F0C0F900F08BF9FFF793FD8C
:100C5000608008B1A84203DB0FF24C20FFF7CBFE07
:100C600062880FF2582100F079F900F07AF9FFF765
:100C700076FDA06700281EBF01280FF25420FFF761
:100C8000BAFEA26F0FF25C2100F068F900F069F97A
:100C9000FFF767FDE06700281EBF01280FF2542010
:100CA000FFF7A9FEE26F0FF2602100F057F900F0A4
:100CB00058F9FFF758FD60670428A4BF0FF25820C9
:100CC000FFF799FE626F0FF264211C4D00F046F9A8
:100CD00000F047F9206E012803D10122202101F004
:100CE0007FFD206E18B90022202101F079FD606E91
:100CF000012803D10122402101F072FD606E18B974
:100D00000022402101F06CFD0FF23020FFF708FABD
:100D10001EB0BDE8F0810000A0030020740A00208E
:100D200004000020002C01403C0B002000000020AB
:100D3000EC090020001001400008004000080140BC
:100D4000000C0140703F0008181002400C0C0140DC
:100D50003D3D3D3D3D20454550524F4D20434F4E7A
:100D60004649472044554D50203D3D3D3D3D000006
:100D7000496E76616C6964204465766963652049D3
:100D80004400000049443A20257300004E756D620E
:100D90006572313A000000004E756D626572323A3C
:100DA000000000004E756D626572333A000000006D
:100DB0004E756D626572343A0000000052656C61D8
:100DC000793120737461746520696E76616C696431
:100DD0000000000052656C6179313A202564000002
:100DE00052656C61793220737461746520696E7626
:100DF000616C69640000000052656C6179323A20D0
:100E00002564000053656375726974792073746199
:100E1000746520696E76616C696400005365637562
:100E2000726974793A202564000000004C6F7720C5
:100E300063757272656E7420696E76616C696400A8
:100E40004C6F7743757272656E743A20252E326648
:100E500020410000486967682063757272656E748E
:100E600020696E76616C69640000000048696768FB
:100E700043757272656E743A20252E3266204100E9
:100E800043757272656E7454696D6520696E766122
:100E90006C69640043757272656E7454696D653A6D
:100EA000202564207365630052656C656173655429
:100EB000696D6520696E76616C69640052656C6568
:100EC00061736554696D653A20256420736563001C
:100ED00052656D6F7465537461746520696E7661D7
:100EE0006C69640052656D6F746553746174653A22
:100EF00020256400416C61726D4D6F646520696EE0
:100F000076616C6964000000416C61726D4D6F64C4
:100F1000653A2025640000004465766963654D6F7D
:100F2000646520696E76616C696400004465766969
:100F300063654D6F64653A20256400003D3D3D3D8D
:100F40003D20454550524F4D20434845434B20449A
:100F50004F4E45203D3D3D3D3D00000005A803F0BE
:100F600033B805A8FFF7DCB80120C4F8800070474B
:100F7000F8B5044696B00021217006A8FFF7E5FBFE
:100F800000F09FF806AA0FF2D8010FF2DC06204409
:100F900003F01AF8002502A9E8B2FFF7EFFB00F012
:100FA00090F8EAB202AB521C3146204403F00CF830
:100FB0006D1CE8B20428EEDBFFF7CDFB05465020A0
:100FC000FFF7E8FA00F07CF82B4632460FF2A0015A
:100FD000204402F0F9FFFFF7C0FB054600F071F86E
:100FE0002A460FF29C01204402F0EEFFFFF7BFFB00
:100FF0000746FFF7BAFB00F063F80546384603F0F2
:1010000035FDCDE90001304603F030FD02460B46C8
:101010000FF27401601902F0D7FFFFF7ACFB054631
:10102000FFF7A7FB00F04CF82B4632460FF26C019D
:10103000204402F0C9FFFFF796FB0546FFF791FB3E
:101040000646FFF78CFB074600F03BF80095334659
:101050003A460FF25801204402F0B6FF17B0F0BD37
:1010600049443D25733B00004E25643D25733B00FC
:1010700052313D25643B52323D25643B0000000067
:10108000533D25643B0000004C433D252E32663B1A
:1010900048433D252E32663B0000000043543D2569
:1010A000643B52543D25643B0000000052533D25F3
:1010B000643B414D3D25643B444D3D25643B000070
:1010C0000646204602F0A0BF2DE9F84FA2A48AB040
:1010D000214603F0EFFC0FF2842B0FF2842A0FF26B
:1010E0008429A1A7A1A5A2A60FF2381817E0A1A1F3
:1010F00000F0A1F878B900F09BF8C1B26E2008E0CA
:101100009DA100F098F80028F1D100F091F8C1B24B
:101110006D20FFF725FA2146002003F0CBFC0028C4
:101120007BD002AB6A46414603F0EAFC314600F050
:1011300082F818B902A8FFF7EAFAECE7294600F0AE
:101140007AF818B902A9FFF7E6FAE4E7394600F0A1
:1011500072F810B902A90120F5E7494600F06BF8D2
:1011600010B902A90220EEE7514600F064F810B968
:1011700002A90320E7E7594600F05DF820B900F026
:1011800057F8C1B25020C4E7B7A100F054F820B915
:1011900000F04EF8C1B25120BBE7B4A100F04BF80B
:1011A00020B900F045F8C1B25220B2E7B0A100F07A
:1011B00042F838B902A803F037FE03F045FEFFF706
:1011C000AEFAA8E7ABA100F036F838B902A803F0F0
:1011D0002BFE03F039FEFFF7A4FA9CE7A6A100F06E
:1011E0002AF828B900F024F880B2FFF79CFA92E7B9
:1011F000A2A100F020F828B900F01AF880B2FFF799
:1012000094FA88E79EA100F016F800287FF478AFE2
:1012100000F00EF8C1B26C207BE70BB0BDE8F08F98
:10122000080C0140255B5E3D5D3D2573000000001C
:1012300002A803F0D6BE684603F0DEBE2DE9F84FE3
:10124000D1A2DFF8784C10680FF288060FF28C0BF1
:101250000FF290080FF294090FF2980A04F5A365B3
:1012600031462860284603F02BFB03214F1C3A46E9
:1012700004F2FC40FEF73AFF00F0D1FC03F0B1FEAF
:10128000092821D8DFE800F01C05080B0E11141600
:10129000181A0FF2680114E00FF2680111E00FF262
:1012A0006C010EE00FF26C010BE00FF2700108E030
:1012B000594606E0414604E0494602E0514600E056
:1012C0003146284603F0FCFA39460D29CEDBBDE84D
:1012D000F18F000030303330000000003030333602
:1012E0000000000030303337000000003030333869
:1012F000000000003030333900000000303033315E
:101300000000000030303332000000003030333352
:10131000000000003030333400000000303033353E
:101320000000000038B5DFF8941BDFF8944BDFF8BD
:10133000945B05208865002020616061A06101F058
:1013400036FA00F074FC01F032FA00F070FC012073
:1013500020620021E16031BD3B00000052310000FD
:101360004E3400004E3300004E3200004E3100007B
:1013700049440000444D0000414D00007FB500F09D
:101380001FF9DFF8384BA06D04F2FC4510B904F5E5
:101390009A610FE0062808BFDFF8381B0AD0012841
:1013A00008BF04F2545105D002280CBF04F5AD610A
:1013B00004F2E44100F0A2FB0D22002100F036FA15
:1013C00000F09AFB04F5D6760FF2E811304602F0F1
:1013D000FBFD01A9304603F073FA294603F070FAC9
:1013E00001A9304603F06CFA00F03BF801F006FC6E
:1013F00000F02EF8304602F007FE82B24FF0FF33C5
:101400003146201D02F052FE00F0E6F800F024F80C
:1014100000F0E6F81A208DF8000000F008FC00F05B
:10142000E6F800F0EDFC00F0E2F800F0E9FC00F076
:10143000DEF800F0E5FC00F0DAF800F0E1FC00F086
:10144000D6F84FF47A6003F089FAFFF76BFF7FBD9F
:1014500004F14C0003F0CDBA04F57575284602F08E
:10146000D3BDD0A103F02CBA5232000053000000CB
:101470004C43000048430000435400005254000015
:10148000525300003EB50FF20810DFF8304AFEF765
:101490005EFE4FF4967003F061FA0FF20410FEF74F
:1014A00056FE00F0C4FBFFF7D3FF00F089F8A16DF2
:1014B00004F2FC4011B904F59A6117E0062908BF4F
:1014C000DFF8101A12D0012908BF04F254510DD0D0
:1014D000022908BF04F5AD6108D0032908BF04F252
:1014E0007C5103D0042903D104F5B26102F096FDCA
:1014F000FFF7A4FE04F5D6750FF2B801284602F0F6
:1015000063FD01A9284603F0DBF904F5A36103F0AC
:10151000D7F901A9284603F0D3F9FFF7A2FF00F09D
:10152000BEF9FFF79BFF00F05BF800F055F8FFF7FE
:1015300093FF00F055F800F07AFB1A208DF80000B8
:1015400000F055F800F05CFC00F051F800F058FC99
:1015500000F04DF800F054FC00F049F800F050FCA9
:1015600041F2707003F0FAF9FFF772FF00F05FFBD1
:1015700000F0ACFF00F05BFB00F09CFF00F057FBBD
:10158000FFF7D0FE37BD000000000000000058410A
:1015900041542B435343533D2255435332220000C1
:1015A00041542B43534D503D34392C3136372C3078
:1015B0002C38000041542B434D47533D00000000A0
:1015C0002222E2A101A802F0FFBC00000000B0400E
:1015D000666606403333A3404FF47A7003F0BEB919
:1015E00082B24FF0FF332946201D02F05FBD4FF05D
:1015F000FF3301226946201D02F058BD2DE9F84F46
:10160000DFF8B84804F184050622022100F00EF943
:1016100004F5D67604F5687701F0F3FA162200F0A7
:1016200004F904F53678394600F095FEFEF778FDAA
:1016300004F5A969494600F05CFA00280FD0C7A15B
:1016400001F0E4FA00280AD014220C2100F0EEF890
:1016500001F0D7FA04F2A45103F0D7FC002800F0FF
:101660009E80222200F0E1F8394604F5B86002F0CD
:10167000D5FCFEF755FD0B22072100F0D7F801F04D
:10168000C0FA0146484602F0C9FC04F2545504F27F
:10169000E44100F033FA04F5AD660FF20C1A51463E
:1016A000304602F091FC04F27C575146384602F075
:1016B0008BFC04F5B2695146484602F085FC0120D6
:1016C000A06504F5757ADFF814B8594601F056FFA5
:1016D000FFF7D8FEFFF7BCFE0BF1400101F04EFF13
:1016E000FFF7D0FE2946FFF7F2F800F09BF8FFF76E
:1016F0007FF900F097F83946FFF7EFF800F092F81D
:101700004946FFF7E7F800F08DF8FFF7A1FE4046E5
:10171000FFF72EFC0FF2C030DFF8C457FEF700FDD4
:101720004046FEF7FDFC4146504602F077FC0020A3
:10173000A065FFF723FEDFF88C07FEF708FD00F039
:1017400076FA0020E065E86B01280DD10FF2680001
:10175000FEF7FDFC01F026F8FFF77AFE0FF27400A9
:10176000FEF7F5FC01F01EF8E86B02280FD10FF22E
:101770007C00FEF7ECFC40F6B83003F0EFF8FFF722
:1017800067FE0FF28000FEF7E2FC01F00BF8FFF7B6
:101790005FFEBDE8F24F0FF27C00FEF7C1BCBDE872
:1017A000F18F00000D0A00002B3938313131313111
:1017B000313131313100000041542B435553443D08
:1017C000312C222A3535352A342A332A322A32233B
:1017D0002200000041542B435553443D312C222A12
:1017E0003535352A332A342A3123220041542B43FC
:1017F0005553443D312C222A3130302A31313423A3
:101800002200000041542B435553443D312C2231DA
:1018100022000000726567697374657220646F6EE0
:10182000650000000A2003F099B815212846FEF74C
:101830005DBC10B5DFF884460FF220010022A265DE
:1018400004F5757002F0C0FBFFF798FDFFF747F84D
:1018500004F14C00BDE8104003F0CBB850554D509A
:1018600020434F4E464947204F4B00007CB5DFF8E0
:101870007006DFF84846466E026D009625210191FC
:1018800004F536752523DFF8D41B284602F09CFBAF
:1018900000F005F800F09BF8BDE873406EE52846BF
:1018A000FEF73EBC38B500F053F801202066C9B2FF
:1018B000FEF73DFF012200F003F8DFF8A41B16E05D
:1018C0002021DFF8A00B02F0D4BF00000100484245
:1018D000CDCCCC3D38B500F03BF800202066C9B235
:1018E000FEF725FF0022FFF7EBFFDFF8701904F584
:1018F000757002F069FB294601F096FD18B90120C8
:10190000A065FFF7BFFD294604F5AD6003F07DFB40
:1019100018B90220A065FFF7B5FD294604F27C50F6
:1019200003F073FB18B90320A065FFF7ABFD294650
:1019300001F075FD18B90420A065FFF7A3FDBDE80F
:1019400032404FF4FA7003F009B80000256300003C
:10195000DFF86845DFF8105B616E70472B00000010
:1019600038B5DFF85845DFF8005B012060660121DB
:10197000206EC0B2FEF7DBFE01224021FFF7A1FF7F
:10198000DFF8A41CB3E738B5DFF83045DFF8D85AE4
:10199000002060660021206EC0B2FEF7C8FE002263
:1019A0004021FFF78EFFDFF8841CA0E738B5DFF891
:1019B0000C4504F536752846FFF7DAFA0FF21810D1
:1019C000FEF7AEFBFFF76BFF00F001F8B3E129462D
:1019D00004F5757002F022BB2DE9FF41DFF8DC440D
:1019E00004F184070622022100F08CF804F5D67673
:1019F00004F5687800F078F80A2200F082F804F51F
:101A00003675414600F07AF804F5A96100F071F8E6
:101A100000285ED0AFA100F070FE002859D0162239
:101A200000F06FF800F060F8014604F2FC4600F0A8
:101A30005CF80822072100F065F84146684602F08C
:101A4000EDFAA5A103F0E1FA40B1314604F5AD602D
:101A500002F0E4FA01460120FEF75DFEB8A16846F7
:101A600003F0D3FA38B1314604F27C5002F0D6FAD2
:101A70000146FEF732FFB3A1684603F0C6FA38B15B
:101A8000314604F5B26002F0C9FA0146FEF722FFC2
:101A900004F57576DFF8D419304602F095FAFFF7B1
:101AA000F1FC00F0C4F82846FFF762FA0FF22800B4
:101AB000FEF736FBFFF7F3FE0120A065294600F094
:101AC00014F8FFF75BFCDFF8FC03FEF740FB00F0C7
:101AD000AEF8BDE8FF81000053656E64696E672053
:101AE000636F6E6669673A004146304602F096BA07
:101AF0004146304603F089BA04F56871284602F081
:101B00008DBA09213846FEF7F1BA10B5DFF8AC43BB
:101B100004F18400FFF7D8FA11220FF2140104F542
:101B2000757002F02FFFFFF729FC4FF47A6099E0FF
:101B3000454550524F4D20434F4E464947204F4B4D
:101B40000000000038B5DD4D0F22082105F18400AA
:101B5000FEF7CCFA00F042F803F066F903F074F9EE
:101B6000E86605F57574FEF7DAFDDFF8481C2046D7
:101B700002F02AFAFFF786FC00F059F8E86E02F04E
:101B800075FF00F0ABF8204602F01EFAD3E038B53E
:101B9000CA4D14220D2105F18400FEF7A7FA00F0CA
:101BA0001DF803F041F903F04FF9286705F5757446
:101BB000FEF7B7FDDFF8781B204602F005FAFFF7C5
:101BC00061FC00F034F8286F02F050FF02460B462B
:101BD000DFF8E41B204602F0F7F9ACE005F5687188
:101BE00005F5D67002F01ABA38B5B44C0A220521B0
:101BF00000F0B0F800F013F803F0F3F9208004F5DA
:101C000075752088FEF78FFDDFF8B01B284602F0BF
:101C1000DBF9FFF737FC00F00AF8228886E004F5CC
:101C2000687104F5D67002F0F9B90120A0654FF48F
:101C3000FA7002F093BE10B50FF23401DFF8800B9A
:101C4000DFF8204802F0C0F9FFF798FB00F0AAFD8A
:101C5000012200F013F800F0A5FD002200F00EF8BC
:101C60004FF4FA6002F07AFE9D490120086410BD2D
:101C700052657365742050756D7000004FF480716B
:101C8000204602F0F6BD80B5DFF8381BDFF8300BD8
:101C900002F09AF9FFF7F6FBFFF7C9FF8848012128
:101CA0000022416382630122BDE808402021DFF861
:101CB000180B02F0DEBD10B5894C01F0E2F800F01F
:101CC0000DF8DFF8FC0A02F07FF9BDE81040FFF7DD
:101CD00055BB00002B0000003200000002460B46FE
:101CE0000FF204017047000043757272656E743A1A
:101CF00020252E326620410038B5704C1422082170
:101D000000F028F8FFF78BFF03F06BF9608004F513
:101D100075756088FEF709FDDFF8B01A284602F0F5
:101D200053F9FFF7AFFBFFF782FF62880FF218014C
:101D3000284602F049F9BDE83140FFF71FBB00001B
:101D4000330000003400000054696D653A202564BA
:101D50002053000004F18400FEF7C8B938B5574C91
:101D60000FF22C00DFF8685A0121A166FEF7D8F9BE
:101D700000F049F800F0B8FB002200F045F800F050
:101D80003FF80120FEF7DEFCDFF8E81C27E000004A
:101D90005365637572697479204F6E0038B5474C8E
:101DA0000FF24C00DFF8285A0021A166FEF7B8F9BF
:101DB00000F029F800F098FB002200F025F800F070
:101DC00093FB00F020F800F08FFB002200F01CF8DD
:101DD00000F016F80020FEF7B5FCDFF8F81904F55E
:101DE000757002F0F1F8BDE83140FFF74BBB000021
:101DF0005365637572697479204F66660000000050
:101E0000642002F0ABBD01221021284602F031BD52
:101E100010B52A4C012262672BA100F028F800219E
:101E20006E20FEF79DFBDFF8581C0AE010B5234C2E
:101E30000222626725A100F01AF8FEF7D2FDDFF852
:101E4000981904F5757002F0BFF8BDE81040FFF76F
:101E500019BB10B5194C032262671DA100F007F8E9
:101E600002216E20FEF77CFBDFF8181CE9E704F581
:101E7000B76002F0A9B810B5104C0422626716A131
:101E8000FFF7F5FF03216E20FEF76AFBDFF8F81B72
:101E9000D7E710B5094C0122E26701216D20FEF75A
:101EA0005FFBDFF8E81BCCE710B5044C0022E267CB
:101EB000FEF794FDDFF8D81BC3E700000000002008
:101EC000EC0900204431000831000000320000001D
:101ED000330000005426000834000000E89E00088B
:101EE000600900202DE9F047DFF8A85B0FF27031A0
:101EF00005F1840400F026FA08B1FFF79AFCAAA1C4
:101F000000F020FA08B1FFF700FE0FF25C3100F09C
:101F100019FA08B1FFF74AFD00F017FA05F5D6786F
:101F200005F5687900F016FAA0A103F06EF808B183
:101F3000FFF764FB00F009FA00F00CFAB1A103F01E
:101F400064F808B1FFF748FDAFA100F0FBF918B93C
:101F5000AEA100F0F7F908B1FFF788FC00F0ECF94A
:101F600000F0F8F9AAA103F050F8DFF830AB80B91F
:101F7000A8A100F04BFE60B90FF2F42100F0E2F9E5
:101F800038B9514600F0DEF918B9A3A100F0DAF92A
:101F900008B1FFF787FC00F0CFF900F0DBF99FA153
:101FA00003F033F888B99EA100F030FE68B90FF253
:101FB000D42100F0C7F940B90AF1280100F0C2F9B4
:101FC00018B998A100F0BEF908B1FFF783FC02220E
:101FD00000F0B3F900F0BEF993A7394600F0B2F96A
:101FE00092A593A680B9314600F0ACF960B900F033
:101FF000A8F948B98FA100F009FE18B98EA100F028
:1020000005FE08B1FFF766FC00F096F900F0A2F9B2
:102010008AA102F0FAFF60B989A100F0F7FD40B98A
:102020000AF1540100F08EF918B986A100F08AF97E
:1020300008B1FFF795FC00F07FF900F08BF9394605
:1020400002F0E3FF58B9314600F0E0FD38B90AF17B
:10205000780100F077F910B900F073F908B1FFF7D3
:1020600092FC072200F069F900F074F90FF22C21BC
:1020700002F0CBFF20B90FF22C2100F0C7FD08B110
:10208000FFF760FD072200F058F900F063F96EA138
:1020900002F0BBFF38B96DA100F0B8FD18B96CA112
:1020A00000F0B4FD08B1FFF706FE0FF2002100F0CA
:1020B00049F920B90FF2042100F044F908B1FFF703
:1020C00066FD0FF2082100F03DF948B90FF2042136
:1020D00000F038F920B90FF2042100F033F908B10B
:1020E000FFF782FD0FF2FC1100F02CF908B1FFF7A9
:1020F00003FE0FF2F81100F025F920B90AF1A00152
:1021000000F020F908B1FFF7BEFD0FF2F01100F06A
:1021100019F948B90FF2EC1100F014F920B90FF2D7
:10212000EC1100F00FF908B1FFF785FD49A100F0AF
:1021300009F940B948A100F005F920B90AF1DC011C
:1021400000F000F908B1FFF709FEBAA100F0FAF8B3
:1021500040B9B9A100F0F6F820B90AF5867100F08F
:10216000F1F808B1FFF71AFEB4A100F0EBF818B9C6
:10217000B3A100F0E7F808B1FFF74AFEB1A100F003
:10218000E1F818B9B0A100F0DDF808B1FFF74EFE94
:10219000AEA100F0D7F818B9ADA100F0D3F808B19E
:1021A000FFF757FEABA103E049443D005200000099
:1021B00000F0C8F818B9A8A100F0C4F808B1FFF7FA
:1021C0005AFE0FF25C1100F0BDF820B90AF5A471B7
:1021D00000F0B8F808B1FFF75CFE0FF2501100F004
:1021E000B1F848B90AF5B87100F0ACF820B90AF5B1
:1021F000D47100F0A7F810B1BDE8F04754E6BDE88F
:10220000F08700BF4100000042540000427400000B
:102210004F4E31004F6E31006F6E31004F4631002E
:102220004F6631006F6631004F4632006F663200F4
:102230004F6632004F4600004F6600004F4E32009E
:102240004F6E32006F6E3200556300005543000040
:10225000756300005331000073310000A0A6000830
:10226000434F4E4649470000696E666F000000000C
:102270003036333130363438303633343036343625
:1022800000000000303632453036323730363435D3
:102290003036343830363334000000004375727203
:1022A000656E740063757272656E74006F76657228
:1022B0002063757272656E74000000004F7665725F
:1022C0002063757272656E740000000054696D655C
:1022D0000000000054494D450000000074696D6520
:1022E000000000005265616C697A65004175746F89
:1022F0002063757272656E7400000000726573650C
:10230000740000005265736574000000303633318C
:10231000303643433036333330363241000000002C
:10232000416C61726D206F6E00000000416C617243
:102330006D206F6666000000032200212046FDF735
:10234000D5BE2946204602F060BE0122002120466B
:10235000FDF7CCBE4946404601F060BE70B5DFF8DF
:10236000345D0FF67404696901290BDD0FF200106A
:10237000FDF7D6FEA869401C0021A86169612046CE
:10238000FDF7E5FEA869DFF8106D012827DDFFF7EE
:102390004EFC00F09BF800F0A7F800F08BF840F23C
:1023A000DC5002F0DBFADFF8F40CFDF7D0FE00F0B1
:1023B0009BF83046FDF7CBFE00F096F8DFF8E00C16
:1023C000FDF7C5FE00F090F83046FDF7C0FE002096
:1023D0006861A86128610FF2A800FDF7A1FE2869D5
:1023E000002804BFE86801280BD10FF2A800FDF710
:1023F00097FE00206861E860012028612046FDF713
:10240000A6FE286A012813D1E869042810DB0FF220
:102410009800FDF785FE3046FDF799FE0020286202
:10242000E86128614FF4FA70BDE8704002F096BA96
:1024300070BD0000533200007332000044310000D0
:102440006431000044320000643200004433000074
:102450006433000044340000643400002CA80008F9
:1024600020A6000800080140703F000898A400085A
:102470002A2A436865636B20534D532A2A000000C3
:102480002A2A44454C4C45544520416C6C20534D00
:10249000532A2A002A2A534D532046524F4D204595
:1024A0005854492A2A000000534D5320446F6E654A
:1024B000000000000FF20400FDF749BE41542B4319
:1024C0005343533D2247534D220000000FF20400B6
:1024D000FDF73DBE41542B43534D503D31372C3118
:1024E00036372C302C300000C82002F037BA2DE9E6
:1024F000F84FDFF8A04512220A21FFF72BFC04F564
:10250000D675FFF7F9FA0FF228110FF230160FF215
:1025100034170FF240180FF2501902F076FD002820
:1025200035D00FF25410FDF7FBFD22221521FFF7E5
:1025300011FCFFF7E1FAFDF7F3FD00F0DCF808B15C
:1025400000F0E2F800F0DCF808B100F0C5F804F2A1
:10255000545100F0D2F808B100F0C3F804F5AD61B1
:1025600000F0CBF808B100F0ADF804F27C5100F0B7
:10257000C4F808B100F09CF804F5B26100F0BDF8B1
:1025800008B100F08BF800F0B1F8FDF7C9FDDFF8F5
:10259000B0AC14220A215046FDF7A8FDDFF8A4BC18
:1025A0005946FFF7ABFA0FF2DC0102F02EFD0028CE
:1025B00037D00FF2DC00FDF7B3FD2422172150467F
:1025C000FDF794FD5946FFF799FAFDF7A9FD00F0D4
:1025D00092F808B100F098F800F092F808B100F015
:1025E0007BF804F2545100F088F808B100F079F853
:1025F00004F5AD6100F081F808B100F063F804F271
:102600007C5100F07AF808B100F052F804F5B2619C
:1026100000F073F808B100F041F800F067F800F03E
:102620001BBFBDE8F18F000048A70008D8A600082E
:102630005245432052454144000000004E554D4252
:1026400045523100534552564552204E554D424554
:10265000523200002B393839313134373634383082
:102660003600000000000000534552564552204EEF
:10267000554D4245523100007265616420534D53FF
:102680000000000052454320554E52454144000091
:10269000534D5320756E7265616400000420A0657F
:1026A0000FF20400FDF73CBD4E554D42455234003B
:1026B0000320A0650FF20400FDF732BD4E554D42D8
:1026C000455233000220A0650FF20400FDF728BD3B
:1026D0004E554D42455232000620A0653846FDF762
:1026E0001FBD0120A0653046FDF71ABD294604F242
:1026F000E44001F093BC04F59A61284602F085BCE1
:102700004146284602F081BC0020A0654846FDF7FE
:1027100007BD80B50FF21C00FDF702FDDFF8A40C29
:102720000121016441F28830BDE8024002F016B98F
:1027300028A200085245534554204D4943524F00AA
:1027400038B50FF25000DFF84C491F4DFDF7E8FC9B
:102750000020606000F026F8012200F03FF800F051
:1027600021F8002200F03AF800F01CF800F01EF802
:1027700000F022FD00F01BF8FFF742FB0020206074
:10278000A060E06A401C0628E06202DBBDE8314040
:10279000BFE731BD23235245534554204D433630C6
:1027A000232300004FF4FA6002F0D8B8B2A52846FF
:1027B000FDF7CDBC7CA300087837000844A40008CE
:1027C000D4030020F49D00080008014010A3000875
:1027D000000C0140E4A3000830A100084FF4807110
:1027E000284602F046B82DE9F84FDFF8A848DFF890
:1027F000A4A26268DFF8CC5B0FF2A4290FF2AC2B25
:10280000002A0AF184089DA659D12768314600F0B4
:10281000FDF920B1012F02D10220206027E1032F12
:102820002AD1594600F0F2F960B900F0EEF948B942
:102830000FF2243100F0EAF920B90FF2283100F04C
:10284000E5F928B10FF27020FDF76AFC0420206042
:1028500040460FF21C3102F0D8FB48B90FF21C3190
:1028600000F0D4F920B90FF2203100F0CFF930B3E5
:102870000FF25420FDF754FC206805281FD10FF2F9
:10288000942100F0C3F938B10FF25020FDF748FC55
:10289000062020600121E96340460FF2942102F0F6
:1028A000B4FB20B90FF29C2100F0B0F938B10FF25F
:1028B0003C20FDF735FC062020600221E9636068BA
:1028C0000128ABD1314600F0A1F920B1A86C012854
:1028D00004BF0221A9640FF2202100F097F90AF544
:1028E000D6760AF5687770B1082206214046FDF7D2
:1028F000FDFB00F086F902F074FB6865A86C032804
:1029000004BF0421A9640FF2F81100F07FF960B34D
:102910000A2208214046FDF7E9FB05F1800A394605
:10292000504601F07BFB02F05CFB2865504602F04C
:1029300058FB296D0A2904BF64222A650A2808BFAA
:102940006420286630460FF2C01101F03DFB51466D
:10295000304601F0B5FF50A101F0B2FF00F04EF992
:10296000A86C052804BF0621A9640FF2A81100F085
:102970004DF940B1A96C0120E863A865E865072915
:1029800004BF0820A8640FF2A81100F03FF920B995
:102990000FF2B01100F03AF948B10121A965E965DB
:1029A0000220A96CE863072904BF0820A8645946DF
:1029B00000F02CF960B900F028F948B90FF298112D
:1029C00000F024F920B90FF29C1100F01FF940B17A
:1029D0000120A8650021A86CE964092804BF0A2128
:1029E000A9640FF28C1100F011F948B90FF28C11A3
:1029F00000F00CF920B90FF2901100F007F928B19E
:102A00000FF29010FDF78CFB0020A86540460FF2F6
:102A10009C1102F0FAFA18B10FF29810FDF780FB42
:102A20000FF29C1100F0F2F878B10020A864606108
:102A30000FF29410FDF774FB012060620021A16188
:102A400020610FF29410FDF782FB0FF29C1100F051
:102A5000DDF840B10FF29810FDF762FB0020A8648A
:102A60006062FFF744FDBDE8F14FFFF73BBABDE8F8
:102A7000F18F0000E8A40008415400004F4B000013
:102A8000B4A00008ACA1000834A000087CA700088E
:102A9000D8A500080000002025000000C899000803
:102AA0002B435245473A20302C3100002B434752EC
:102AB00045473A20302C31004E6574776F726B2099
:102AC00072656164790000004E6574776F726B20E7
:102AD0006E6F7420726561647900000053494D3A4D
:102AE000204972616E43656C6C00000053494D3A99
:102AF000204D4349000000002B43535100000000CB
:102B00002B43424300000000426174746572793ABD
:102B1000000000002B434F50533A20302C302C2221
:102B20004D544E204972616E63656C6C220000004A
:102B30002B434F50533A20302C302C2254434922FF
:102B4000000000002B434F50533A20302C302C22F1
:102B500034333233352200002B435245473A20327A
:102B60002C3100002B435245473A20302C350000D1
:102B70002B43475245473A20302C32002B435245D5
:102B8000473A20302C3200002B435245473A20323E
:102B90002C3200002D2D2D4E6574776F726B206ED8
:102BA0006F742072656164792D2D2D002B434D4784
:102BB00053000000534D532053454E440000000085
:102BC0002B434D5449000000534D532046524F4D66
:102BD000205541525400000041542B434D474C3D79
:102BE00022414C4C220000002B434D474C0000007A
:102BF000496E70757420534D530000003046FDF748
:102C00008FBA3946304601F009BA4946404602F0CB
:102C1000FCB9F0B5DFF8585BDFF8A847E96DB1F50E
:102C2000C87F9BB007DBDFF84C0BFDF779FA012179
:102C30002164FEF7FCFFE06C782807DB0021E164EB
:102C40000FF27C10FDF76CFAFFF77AFDDFF84464B1
:102C5000B16AA06C3C2959A707DB40B900F0B3FA70
:102C60000120A0640021B1629EE003290ADB012853
:102C700008D10FF26010FDF753FA00F0F9F80121C6
:102C800000F002F9A16C0FF26010022907D1FDF7E4
:102C90005EFA00206064B0620320A0648BE0032928
:102CA00009D1B16A032917DB616C491C61640022F8
:102CB000B262FDF74CFAA06C0FF23417042806D16B
:102CC0000FF23410FDF72CFA052000F078FAA06C12
:102CD000052808D1B06A032866DB00F0C9F8002196
:102CE000B16200F070FAA06C0FF22447062806D1FA
:102CF0000721A1640020B062606400F064FAA06C57
:102D000007280BD1B06A03284EDB0FF2FC00FDF759
:102D100007FA00F0ADF8072100F0B6F8A06C0FF24A
:102D2000A437082806D10FF2F400FDF7F9F90920BD
:102D300000F045FAA06C09280BD1B06A032833DBF8
:102D40000FF2EC00FDF7ECF900F092F8092100F029
:102D50009BF8A06C0A2827D10021A164B1626164AC
:102D6000E1640121A16505F5D6760FF2D400FDF7E7
:102D7000D7F9636D226D0FF2E001304601F024F9BE
:102D8000FFF73CFF0020E8656420616D41431F228E
:102D900091FBF2F2626600F074F800F06DF800F05A
:102DA00066FC02A8FDF7BCF9606C032803DB002178
:102DB0006164FFF7C5FC1BB0F0BD0000415400008A
:102DC0002153696D2063617264204572726F7221B4
:102DD000000000004D43363020436865636B20459A
:102DE00072726F720000000041542B435351000077
:102DF00041542B43424300002A2A2A414E54454E57
:102E0000204F4B2A2A2A00002D53494D204341527E
:102E100044204552524F522D000000002A2A2A53C6
:102E2000696D2043617264204F4B2A2A2A000000FA
:102E30002D4E4554574F524B204552524F522D0064
:102E40002A2A2A4D43363020434845434B20444FDD
:102E50004E452A2A2A0000004D4336305F42415435
:102E60003D256420414E54454E3A25640000000043
:102E7000606C401C60647047CDE90001206F01F078
:102E8000F5BDE06E01F0F2BDA1640020B0623846ED
:102E9000FDF75DB9F8B57F4CDFF8886B20684FF41B
:102EA0009175B8B90FF2FC10FDF73AF90021716085
:102EB00006F10C00294602F0BFF800203080FFF731
:102EC00075FCFEF79DFFFFF772FC0020A06001215A
:102ED0002160F1BD012808D1A0680328F9DB0FF2B9
:102EE000D810FDF71DF9FFF72BFC20680FF2D4175F
:102EF000022818D10021E1620FF2D410FDF710F979
:102F00000020B0600321A06021600FF2CC10FDF71B
:102F10001EF900F051F90FF2CC10FDF718F900F08E
:102F20004BF900F050F92068032815D1A068032858
:102F300022DB0FF2BC10FDF7F3F800F044F9B068A3
:102F4000401C0F28B06005DB0FF2B410FDF7E8F865
:102F5000FFF7F6FB0020A06020680FF2B4170428EA
:102F60000BD10FF2B810FDF7DBF800F02CF90020C0
:102F70000521A0602160B060F1BD052811D1A068D5
:102F80000128F9DD0FF2A010FDF7CAF800F01BF9D7
:102F90000020A060B068401CB0600428C8BFFFF7E4
:102FA000CFFB2068062874D10FF28C100FF2941713
:102FB000FDF7B6F80FF29810FDF7C9F8FEF720FFFD
:102FC000FFF778FAFEF71CFFFFF780FAFEF718FF0D
:102FD0000FF28810FDF7BBF8FEF712FF00F0F3F8D0
:102FE000FEF70EFF0FF28C10FDF7B1F8FEF708FFA9
:102FF00000F0E9F8FEF704FF0FF29010DFF87077A9
:10300000FDF7A5F8FEF7FCFE0FF28810FDF79FF81C
:10301000FEF7F6FE002060620FF28010FDF780F8E8
:103020000020B0602060A060FEF7EAFE0020F86596
:103030000121616070602946DFF85C0A01F0FCFF45
:1030400040F2271107F1840001F0FAFF00203080E0
:103050003621A162FDF7A7FBFDF7F5FCD7F880004C
:1030600001280DD10021C7F88010B96507F57570EA
:103070000FF2381100F0A8FFFEF780F9FDF72FFCE2
:10308000BDE8F84001224FF40051DFF8140A01F0C6
:10309000F0BBF1BDEC090020443100085C310008B0
:1030A000743100084D4336302046697273742053E2
:1030B00074617274000000004E6F20526573706F6F
:1030C0006E73650041542B435245473F000000009A
:1030D0004D433630204F4B0041542B434F50533D0E
:1030E0003000000041542B4346554E3D3100000056
:1030F0004E6574776F726B204572726F72000000BC
:103100002D2D5265736574204D6336302D2D0000D2
:1031100041542B434F50533F0000000053696D2032
:10312000636172643F00000053696D204361726403
:10313000204572726F720000436F6E666967204DA2
:103140004336300041542B434D47443D312C34002D
:1031500041542B434D47463D3100000041542B4321
:10316000504D533D224D45222C224D45222C224DBF
:103170004522000041542B43504D533D22534D22D4
:103180002C22534D222C22534D2200004154453015
:103190000000000041542657000000002A4D43362D
:1031A000302072656164792A00000000434F4E466A
:1031B00049472050554D5000FA2001F0CFBBA06484
:1031C0000021B16261643846FCF7C1BF10B5DFF879
:1031D000D448606808B9FFF75DFE6068012805D132
:1031E000FFF717FDBDE81040FFF7B8B810BD38B5C0
:1031F000DFF8B448606A012810D1A069DFF8EC5C00
:1032000000210128616203D10121A965FEF7A6FD15
:10321000A06918B90121A965FEF7C0FD206A01283F
:103220000CD1E06900212162012808BFFEF73AFBBA
:10323000E06918B9BDE83140FEF74CBB31BD000074
:1032400084000020A00300202DE9F84FDFF85CA8DF
:1032500000F0FDF8DFF81845DFF85458DFF854980F
:10326000DFF854B8DFF85488DFF83868002804BF66
:10327000706D002835D10121F165306E012830DDF7
:10328000002131660020F06501217165B065E16FB4
:10329000012901D100F0D1F80FF22C10FCF740FF0A
:1032A00000F0C6F800F0BFF808B900F072F959460E
:1032B000484601F0AAFE08B900F067F9FEF7C8F821
:1032C0005946FFF71AFA08B900F05BF900F0A6F8C2
:1032D00008B900F04FF9FEF7BBF8FEF7A8FCFDF7C0
:1032E00042F800F0B4F80128DFF8BC7708D138685C
:1032F000401CB0F5FA7F02DB0020F06530663860D4
:10330000B06D3C2806DB0021B16571650FF2CC0081
:10331000FCF706FF00F096F8002804BF7868002844
:1033200037D138694CF25031401C8842386130DB6B
:10333000002038610021F96001207860B960E06FF9
:10334000012801D100F079F80FF2A400FCF7E8FEA3
:1033500000F06EF800F067F808B900F01AF9594665
:10336000484601F052FE08B900F00FF9FEF770F878
:103370005946FFF7C2F908B900F003F900F04EF81A
:1033800008B900F0F7F8FEF763F8FEF750FCFCF719
:10339000EAFF00F057F8012808D17869401CB0F521
:1033A000FA7F02DB0020F86038617861B8683C2859
:1033B00005DB0021B96079600FF24C004CE0BDE8FC
:1033C000F18F00006009002053656E736F7220500A
:1033D0004952205761726E696E67000053656E73C3
:1033E0006F7231205265616C697A65642E2E2E00F1
:1033F00053656E736F72204C61727A6573682057E3
:1034000061726E696E67000053656E736F72322071
:103410005265616C697A65642E2E2E00594604F55A
:10342000B26001F0F2BD594604F2545001F0EDBD16
:10343000414604F5757000F0C7BD012210215046C9
:1034400001F017BA4FF48051504601F00CBA4FF416
:103450000051504601F007BABDE8F24FFCF760BEDC
:103460002DE9F84FDFF8887ADFF8881A386FC04CFA
:10347000DFF8845ADFF83866DFF83C86DFF87C9A9C
:1034800001F0CCFA04F5757A33D2786F012830D187
:10349000DFF86CBA00F07BFA00F079FA0020786768
:1034A0000FF2B800FCF73CFE494600F067F8A06E4A
:1034B000012813D100F076F808B900F06AF800F09E
:1034C0006CF808B900F061F8FEF712FB08B900F0DB
:1034D00058F8FFF715F908B900F04CF8FEF7A7FB0C
:1034E0000020B8670121F967A06E012808BFFCF72A
:1034F0003AFF386FDFF80C1A01F0A4FA2CD8786F75
:10350000002829D1012179670FF25C00FCF708FE41
:1035100009F1480100F032F8F86F01281AD1A06EC5
:10352000012813D100F03EF808B900F032F800F09D
:1035300034F808B900F029F8FEF7DAFA08B900F013
:1035400020F8FFF7DDF808B900F014F8FEF744F8AA
:10355000012038640021B967BDE8F18F506F7765AD
:1035600072204F6666000000506F776572204F6EC4
:10357000000000000420A065FDF784BF504600F065
:1035800023BD0320A065FDF77DBF0220A065FDF7E8
:1035900079BF0120A065FDF775BF414604F5AD6018
:1035A00001F033BD414604F2545001F02EBD10B578
:1035B000DFF83C49608801F047FDDFF8501901F061
:1035C00051FDDFF84C1901F0B9FDDFF8481901F0A1
:1035D000B5FD01F04BFA4FF06632DFF83C3901F0EF
:1035E00039FE01F031FCE06610BD10B5DFF800498E
:1035F000208801F029FDDFF8141901F033FDDFF810
:10360000101901F09BFDDFF8141901F097FD2067F8
:1036100010BD18B5DFF8D848A06E01288FB024D1AE
:10362000606944F6206190FBF1F1218044F620614D
:10363000A069002290FBF1F162616180A261FFF755
:10364000D4FFFFF7B4FFDFF8D808016B05290ADBC8
:1036500000220263FFF715FCFFF70EFC00F007F8ED
:1036600002A8FCF75DFD0020A06610B010BD024668
:103670000B460FF20C0102A800F0A6BC00000000EF
:10368000566F6C746167653A20252E3266207C2067
:1036900043757272656E743A20252E326600000002
:1036A0002DE9F047DFF8FC73314CB86BDFF8509828
:1036B000DFF87058DFF87088DFF83468142804F5F4
:1036C000757A3ADBF06E414601F0BCF938D84FF01C
:1036D0003F4101F095FEE066FDF721F8F06E4FF0F6
:1036E000804101F08DFE2067FDF71BF80120A065E9
:1036F0002946FFF743FFFDF7C5FEFEF796FAFFF7F1
:10370000C0FBFEF7EBFA504600F05EFCFDF736FE1C
:10371000FEF78BFAFFF7B2FB02460B460FF2580199
:10372000504600F051FCFDF729FE0020B863786395
:1037300000222021484601F09CF8B86B142815DBC4
:10374000F06E414601F06AF910D20120A06505F142
:10375000B401FFF713FFFDF795FEFEF768FA484640
:10376000BDE8F0470022202101F083B8BDE8F087D2
:103770000000002050A800084F7665722043757243
:1037800072656E743A20252E3266204100000000DA
:103790002DE9F84FDFF85847DFF88C17E26EC14D7E
:1037A000DFF84867104601F04DF900F2BC80F06E7A
:1037B000114601F047F909D8E86BE96C084305D1D7
:1037C0000120E8630FF28410FCF7AAFCE16EF06EB2
:1037D00001F024F90CD20846316F01F01FF907D22D
:1037E000E86B012804D10021E963296400F0B4F8F2
:1037F000286C3188AF4FDFF834870FF27479DFF827
:1038000030A7DFF8FCB6884235DBE86C002832D1FF
:1038100000212964E8630121E96400F0B8F800F0B0
:10382000B1F8FFF7C9FC00F0A7F800F0B5F8514671
:1038300006F5757000F0C8FBFFF7E7F908B900F06E
:10384000B2F84946384601F0E0FB10B9022000F01A
:10385000ABF800F08CF810B9032000F0A5F800F0E8
:1038600081F810B9042000F09FF8FEF79BFFFCF7E9
:103870007AFD00202865E06E316FEA6C01F0E2F815
:1038800004D8686C104304BF01216964A86C042843
:1038900037DD002A35D100206864A864202101208A
:1038A000E864584600F0E5FF00F06CF8FFF784FC90
:1038B00000F062F800F070F80AF1780106F5757012
:1038C00000F082FBFFF7A1F908B900F06CF8494657
:1038D000384601F09AFB10B9022000F065F800F0BC
:1038E00046F810B9032000F05FF800F03BF810B97B
:1038F000042000F059F8FEF755FFFCF734FD0020D6
:103900002865E16EF06E01F089F80CD20846316F3F
:1039100001F084F807D2686C012804D100216964A1
:10392000A96400F019F8E86C01280CD1286D7188A1
:10393000884208DB0020E8642865BDE8F24F0FF2FA
:103940005860FCF7EDBBBDE8F18F0000486176617F
:10395000204B657368690000E96429650FF22060F7
:10396000FCF7DEBB494606F5B26001F04EBB4946A6
:1039700006F27C5001F049BB0020716E3066C9B27E
:10398000FCF7D5BE00224021584600F072BF00224D
:103990002021584600F06DBF002070660021306E77
:1039A000C0B2FCF7C4BE0120B065FDF76BBD10B519
:1039B000FFF72FFE3B4C606B012808BFFFF770FE3E
:1039C000606B50B9DFF82405016E01291CBF406E01
:1039D000012802D1BDE81040DAE610BD0068DFF82A
:1039E0005415884200D0704710B5DFF84C154A884E
:1039F00040F221108242A4BF00234B804A888242B9
:103A000009DA4888244B441C4C8001240A781A5453
:103A100000204865CC640122BDE81040DFF81C0599
:103A200000F096BB680600207CB501F09BFDDFF836
:103A300008150A6D821A642A03D30865486D401C74
:103A40004865486D022825DDC86C012822D1002276
:103A5000114C0FF254554A65009410A609E0034634
:103A60002A4640F22711DFF8D80401F081FDFEF765
:103A7000BAFE00986A46314601F09CFD0028EED15E
:103A8000DFF8B454E8644FF49171204601F0D4FAA1
:103A90000020688073BD0000980700200D0A000018
:103AA00000100140EC0900203C0B0020000C0140FC
:103AB0007C05002068050020703F0008B0A70008C2
:103AC0002DE9F04786B001F093FD00F0C1F968469A
:103AD00000F0FDF9DFF86C54DFF86C746868DFF80B
:103AE0002064DFF8684440F0100068604FF48059AB
:103AF000686800F0100004900498696841F02001A3
:103B00006960686800F0200004900498696841F0DA
:103B100004016960686800F0040004900498696812
:103B200041F0080169604FF40051686800F0080036
:103B300004900498384600F09CFE00224FF4B071C7
:103B4000304600F096FE0022F021FEF799F80121A0
:103B500001914FF4005000F06CF9384600F0B4FDCC
:103B6000012101914FF4B07000F063F9304600F08C
:103B7000ABFD0021019101220292CDF8009000F0EE
:103B800063F94FF46040002100900191022200F09F
:103B90005AF94FF4C0500021009001910222029284
:103BA0006946304600F090FD01210191102002216C
:103BB00000F046F9012101912020032100F040F995
:103BC000C0201121009001910321012200F03AF957
:103BD000286840F00100286000222968CA4D01F0E1
:103BE00001010091002100980B2001F02AFD0B201B
:103BF00001F044FD684600210022002380E80E0009
:103C0000D34929604FF480704FF46021E961A860C6
:103C1000012202212A732B756B602961284601F06D
:103C200055FD08B100F0A2F900200121009001919A
:103C3000072202926946284601F047FE08B100F0CB
:103C400095F901200221009001912846694601F072
:103C50003CFE08B100F08AF902A8002100220023EE
:103C6000002680E84E00CDE9001241F61F40B94E13
:103C7000B9497060316042F21070F060B260326138
:103C80007261B261304601F03FFF08B100F06EF999
:103C9000CDF8089002A9304602F028F808B100F0EB
:103CA00065F90020009001906946304602F0F4F872
:103CB00008B100F05BF98D4F9E4878600C21002020
:103CC000F86038617861F86138624FF4165AB9616A
:103CD000C7F808A0381D00F0ADF908B100F046F9AA
:103CE000DFF854829D48C8F8040000210C20C8F871
:103CF0001800C8F80C10C8F81010C8F81410C8F84C
:103D00001C10C8F82010C8F808A008F1040000F042
:103D100091F908B100F02AF99148F864052140F6BC
:103D2000FF707865396507F14C0000F037FE08B187
:103D300000F01CF906F190008A49016000224260FF
:103D40005F237F214FF400728360C160026102F043
:103D5000D5F808B100F00AF902A8002100220023DA
:103D60008C4680E80E10CDE9001264207E49F06494
:103D70007065B1643265B265326606F1480001F0E3
:103D8000C3FE08B100F0F2F8CDF8089002A906F1E0
:103D9000480001F0ABFF08B100F0E8F80020009007
:103DA0000190694606F1480002F076F808B100F08B
:103DB000DDF8012000F0D2FD022207F2D45128469E
:103DC00001F0FEFC304601F0ACFE06F1480001F0C7
:103DD000A8FE01224146381D00F0BAF90FF2D010BA
:103DE0004F4DFCF79DF901221021FDF749FFFEF729
:103DF0007BFB00221021FDF743FFFCF708FB3C4C46
:103E0000FFF712FEFFF7E2F9686801280CD1FFF70F
:103E100027FBFFF7CCFDB86E012802BF606F0128B9
:103E2000FFF712FAFFF7E3F907F14C0000F0E1FDAC
:103E3000E6E7022100900022039102926946704752
:103E400000900022039102926946204600F03CBC9B
:103E500018B593B0282109A801F0EEF8142168469E
:103E600001F0EAF805A800F032F8092109910123D0
:103E70004FF480310A910D930F93119102234FF467
:103E8000E0110B921093129109A802F05DF808B1AD
:103E900000F06CF8022101910F204FF48061009036
:103EA0000391029404940221684602F0CCF908B10F
:103EB00000F05CF8022005904FF40041079105A83E
:103EC00002F094FA08B100F051F814B010BD0021CE
:103ED00000220023002480E81E007047044A116C71
:103EE000002908BF02F01EB8704700000000002043
:103EF000600900200000E040900500209CA200081E
:103F0000000801400100E0400C0B00203333534017
:103F100000F07F457B14AE3D666606408195C33D4B
:103F2000EC090020A49B00089A99993E54050020B2
:103F3000F09C000800380140700A002004000020B6
:103F4000840000201410024000100140000C0140C9
:103F500000240140BC080020002C01400044004027
:103F600000300040002C00400008004072B6FEE720
:103F70002B393831313131313131313100000000EC
:103F800043757272656E74206F6B20616E6420528F
:103F900065616C697A65000054696D6520526561E0
:103FA0006C697A650000000025730D0A00000000AE
:103FB0002A2A2A2A53746172742050726F677261C0
:103FC0006D2A2A2A2A0000000CB430B583B00A46B4
:103FD00006A90291044600250194009502AB01A9AF
:103FE000084878441E3002F078FA019A15700028CB
:103FF0004EBF04460198041B204603B030BC5DF858
:104000000CFB00BFEB0F000000F1010310F8011BD7
:1040100011B110F8011BFBE7C01A70475FEA000CF2
:1040200011F8012B00F8012B12B111F8012BF9E75F
:104030006046704738B5040001D1012032BD04F15B
:104040004005687808B900F011F800F014F800F0A5
:1040500023F8FFE7416100F018F8686020216970DB
:104060002020A87000216163002032BD002129704A
:10407000204603F035BA242068702068C16821F416
:104080000051C160204600F0DEBA2068C16841F4EA
:104090000051C160002070472068016921F49041FF
:1040A00001612068416921F02A0170472DE9FC4136
:1040B00006460D4696F84100202814461F4640D17A
:1040C0000DB1200001D101203CE0002070642121CD
:1040D00086F8411001F046FAB4848046F48400F07A
:1040E00033F804BF306900281ABF2C46002500248D
:1040F00012E000228021304600F0C2F9E0B93068B9
:10410000002C12BF14F8011B35F8021BC1F3080183
:104110004160F08C411EF1844346F08C00970028EA
:10412000E7D100224021304600F0AAF920B9202032
:1041300086F84100002005E0202086F84100032099
:1041400000E00220BDE8F681B068B0F5805F7047FE
:1041500010B500F130039C7C202C0AD109B1140069
:1041600001D1012010BD00241C60BDE8104000F00A
:10417000C4B9022010BD216801F1140353E8001FE7
:10418000206800F1140221F0400142E800100028EC
:10419000704721F0100142E8001000287047F8B580
:1041A00004462268136811460846CD68466913F034
:1041B0000F0F03F0200105F0200007D1002918BFE0
:1041C00000285DD02046BDE8F240D5E1F70702D4D3
:1041D00015F4907F54D0DA0705D5ED0503D5626C50
:1041E00042F0010262645A0705D5F50703D5626CF7
:1041F00042F0020262649A0705D5F50703D5626CA6
:1042000042F0040262641A0706D508B9F20703D522
:10421000636C43F008036364626C002A2FD00029AA
:104220001EBF0028204600F0A7F920684069616C95
:104230000A0701D440061DD5204600F079F9206810
:104240004169480611D5FFF796FFFCD1E06B60B1DC
:104250000FF215314163E06B03F069FA00280ED0CC
:10426000E06B416BBDE8F44008472046BDE8F240F2
:1042700003F06BBB204603F068FB00206064F1BDD7
:10428000206B012804F1410140F09680D80600D54A
:10429000EE0640F19180002300931268009223689B
:1042A0005A680092009822685369580646D5E26B16
:1042B0001068406880B20028E1D0A38D9842DEDA11
:1042C000E0859069202831D0226802F10C0555E87C
:1042D000002F206800F10C0322F4807243E80020D4
:1042E0000028F1D100F0A8F8520800F114035200A0
:1042F00043E800200028F5D100F09EF800F11403F7
:1043000022F0400243E800200028F5D12020487028
:1043100000212163226802F10C0151E8001F0C32D8
:10432000FFF737FFF6D1E06B03F0DCF902206063A2
:10433000A18DE08D091A89B2204639E0A38DE28D66
:10434000E08D9B1A00281CBF98B2002873D022462B
:10435000146804F10C0656E8004F106800F10C05D3
:1043600024F4907445E800400028F1D1146804F169
:10437000140656E8004F1068640800F11405640044
:1043800045E800400028F1D1202048700021116349
:10439000146804F10C0151E8001F0C3421F01001E5
:1043A00044E800100028F3D10220506399B210466F
:1043B000BDE8F44003F0CABA18062BD52A0629D561
:1043C0000878212837D1A068B0F5805F04BF206944
:1043D000002809D1226A21681088C0F308004860CB
:1043E000206A811C216205E0206A411C216222684A
:1043F00000785060E08C401EE08480B2D8B920681C
:10440000C16821F08001C1602068C16841F04001AD
:10441000C160F1BD58060ED56A060CD52368D86870
:104420001A4620F04000D060202008702046BDE8E9
:10443000F24003F08CBAF1BD226802F1140555E890
:10444000002F20687047026802F10C0454E8002F26
:10445000016801F10C03704742F0010243E80021BA
:1044600000297047026802F1140454E8002F016823
:10447000520801F11403520043E80021002970475B
:104480002DE9FC41089C05460E4690461F462868CB
:1044900001683140B1420CBF0120002040452AD1C3
:1044A00014F1010FF3D001F05DF8C01B844200D37A
:1044B00014B90320BDE8F6812968C8684207E6D52B
:1044C000802E18BF402EE2D0084602681307DED5C2
:1044D000002000902B681A680092496800910098AB
:1044E000284600F025F805F140000821416000222F
:1044F00002700120DEE70020DCE781628285C28550
:1045000000214164222280F84220016921B1016822
:10451000CA6842F48072CA6001684A6942F00102C6
:104520004A610068C16841F02001C1600020704705
:1045300010B5FFF788FF22F49072FFF78FFFF8D1D4
:10454000FFF790FFFCD1016B012906D1FFF77BFF3C
:1045500022F01002FFF782FFF8D1202180F84210EC
:104560000022026310BD0000406A0021C1850022C4
:10457000C28403F0EAB900001CB590F84210222969
:1045800052D18168826AB1F5805F0AD1016969B947
:1045900003685968C1F308011180826A911C816225
:1045A0000FE0002904BF0169002902D1036859689E
:1045B00003E00168496801F07F011170816A4A1CBB
:1045C0008262C18D491EC18589B259BB0168CA6822
:1045D00022F02002CA600168CA6822F48072CA60B0
:1045E00001684A69520852004A61202180F842104D
:1045F00000224263016B012912D1026300F016F818
:1046000001680A68D30607D5002200920B68009360
:10461000046862680092009B818D03F097F901E0C5
:10462000FFF7DCF9002016BD022016BD036803F178
:104630000C0252E8002F0C3322F0100243E8002154
:104640000029F3D1704710B5044622681169E0686B
:1046500021F4405101431161D3681948A168034016
:1046600020690B43616903430B43D36015495369C8
:10467000A06923F4407303438A42536102D101F0DD
:1046800089FE01E001F07EFE626819214843920034
:10469000B0FBF2F16423B1FBF3F26FF0630000FBB7
:1046A000021109013231B1FBF3F000F0F00101EB2E
:1046B0000211226800F00F004018906010BD000049
:1046C000F3E9FFFF003801402DE9F84F00239E4633
:1046D0006E4CDFF8BC816F4EDFF8BCB14FF00F09B4
:1046E00002460CE025682840206007E0C4F804C0BA
:1046F0004F68FF03F6D52068054325605B1C0D68F5
:1047000035FA03F000F0AD80012000FA03FC0CEA5A
:1047100005056545F2D1486858B301281AD002282A
:104720001FD0032833D0112817D012281DD05B4F7B
:10473000B8421CBF5A4FB8421BD05A4FB8421CBF98
:10474000594FB84215D0594FB8421CBF584FB842C4
:104750000FD01EE0D1F80CE01BE0C86800F1040E99
:1047600017E0C86800F1080E13E0C86800F10C0EED
:104770000FE0886810B94FF0040E0AE001284FF0EE
:10478000080E14BFC2F814C0C2F810C001E04FF008
:10479000000EB5F5807F03D210464FEA830C04E08B
:1047A000A3F10807101D4FEA870CD0F800A009FA02
:1047B0000CF72AEA07070EFA0CFC4CEA070CC0F8C3
:1047C00000C04868C00099D5376847F001073760D6
:1047D0009F00306800F00100009007F00C0C00987A
:1047E000980858F820A009FA0CF72AEA070A5A454F
:1047F00008BF00270ED02F4FBA4208BF012709D0AB
:104800002D4FBA4208BF022704D02C4FBA420CBF2A
:104810000327042707FA0CF747EA0A0C48F820C0D8
:10482000E8434F68D4F808C0FF024CBF45EA0C0CBF
:1048300000EA0C0CC4F808C04F68D4F80CC0BF02E2
:104840004CBF45EA0C0C00EA0C0CC4F80CC04F68D5
:10485000D4F804C0BF034CBF45EA0C0C00EA0C0CB2
:1048600044E7BDE8F18F8068084018BF0120C0B25E
:10487000704702B9090401617047C26801EA020386
:10488000914341EA03410161704700000004014087
:1048900008000140181002400008014000001110FB
:1048A0000000121000002110000022100000311042
:1048B00000003210000C01400010014000140140C3
:1048C000034600E05B1C1A78002AFBD111F801CBEB
:1048D00083F800C013F8012B002AF7D17047F0B419
:1048E0000246106895681318506803EB5004C0071F
:1048F00048BF4D44A3422DD013F8016B16F00300BE
:1049000004BF13F8010BC01C31090F2907D113F89C
:10491000011B0F3103E013F8017B05F8017B401EFA
:10492000F9D10029E6D013F8010BC6F38106032E56
:1049300008BF13F8016B00EB062040422844002614
:10494000B71E8F421EBF10F8017B05F8017B761C55
:10495000F6D1CFE7F0BC02F10C00704738B5044641
:1049600000F000FE14F1010F054602D0044908785A
:10497000041900F0F7FD401BA042FAD331BD00BF7F
:10498000D80500204AB1000011F8013B521E00F882
:10499000013B1CBF11F8013BF8E7704738B5040034
:1049A00001D1012032BD20684CF6CC41016045F2B6
:1049B0005552026063684360A168816000F0D2FDD7
:1049C00005462068C16811F0030F0DD000F0CAFD44
:1049D000401B41F23D318842F3D32068C16811F099
:1049E000030FEED0032032BD4AF6AA210160002059
:1049F00032BD00684AF6AA210160002070470368B2
:104A00001AB95A1E026008467047197811B94FF05A
:104A1000FF307047591C01601878704740EA010C5C
:104A20001CEB0C0F4FF0807C07D305D01CEB400F24
:104A30009CBF1CEB410F814270471CEB410F98BF9C
:104A40008842704740EA010C1CEB0C0F4FF0807C51
:104A500007D305D01CEB400F9CBF1CEB410F8842D5
:104A600070471CEB400F98BF81427047C0F3C7519D
:104A700081B1FF2906D0C110400721F0E04101F1CA
:104A80006051704741020CBF40F4E0016FF00041FB
:104A90000020704700F0004100020AD0B0FA80FC0C
:104AA00000FA0CF001F16051A1EB0C5101EBD021A7
:104AB0004005704738B504000D460BD02946204606
:104AC00002F046FF0444207848B90C4800210160F8
:104AD000002032BD09490C68002CEFD132BD2946B7
:104AE000204602F046FF2118087810B1002201F894
:104AF000012B02480160204632BD00BF680B002038
:104B00000DB41EB506A801900A460024009401AB1E
:104B100005A9044878440C3002F064FF03B010BCCF
:104B20005DF810FBDBFEFFFF2DE9FC4D1600824611
:104B30008B461F4600F0D5803BF0004108BF00289F
:104B400000F0CF804FEA4B02521512F1010F08BF5F
:104B50005FEA0B3000F0C5800020002EA94954D533
:104B60007642624D7D4405F5C275082408E0F207DF
:104B700044BFD5E9002300F06DFB76080835641EBC
:104B8000002E18BF002CF2D104460D466A4650464E
:104B9000594603F0BDFDDDF8008022462B4603F0A8
:104BA000EFFD424603F010FF82468B462AF00002DA
:104BB0003BF0004308BF002A7CD04FEA4B01491567
:104BC00011F1010F0CBF5FEA0B30002E72D050467E
:104BD00059466A4603F09CFD009C8B4A8B4B00F0C3
:104BE00039FB224603F0F0FE20F0000431F00045CE
:104BF00008BF002C5CD04B005B1513F1010F01D1F5
:104C00000A0355D0761EE4D152E053DD374D7D4482
:104C100005F1DA050824F20744BFD5E9002300F0C6
:104C200019FB76100835641E002E01DD002CF2D130
:104C300004460D466A465046594603F069FDDDF8C4
:104C4000008022462B4600F005FB424603F0BCFEE6
:104C50008B4682463BF0004108BF00282AD04FEA2D
:104C60004B02521512F1010F08BF5FEA0B3021D041
:104C7000002E1FDD504659466A4603F049FD009C50
:104C8000634A644B00F0E6FA224603F09DFE20F0F2
:104C9000000431F0004508BF002C09D04B005B1523
:104CA00013F1010F01D10A0302D0761E002EE3DCBE
:104CB00082468B462AF000003BF0004108BF0028E6
:104CC00008D04FEA4B02521512F1010F08BF5FEAFC
:104CD0000B3006D1AFF300801FB1386840F00100FF
:104CE000386050465946BDE8FC8D00BF6C59000045
:104CF0002DE9F84909B486B00C4615460BB10021E0
:104D000019602146069E06A803F0FBFEC71020F09E
:104D10000800012807F0010704952FD10220009018
:104D200001AB06992246304603F07CFF040002D115
:104D3000002000211DE0029804F050F8022C18DB3E
:104D40000DF10C08661EDFF8D0B002460B460020BD
:104D5000594600F07FFA044658F8040B0D4604F05B
:104D60003DF822462B4604F04BF8761E02460B46D1
:104D7000EDD1049A019C079BA2182CE002282DD1AA
:104D8000009001AB06992246304604F069F9040010
:104D900002D10020002119E0029804F01FF8022C33
:104DA00014DB0DF10C08661EDFF870B000225B46C4
:104DB00000F050FA044658F8040B0D4604F00EF8C3
:104DC00022462B4604F01CF8761EEFD1019A03F020
:104DD000FBFD079B049AFFF7A7FE0CE0032802D116
:104DE00000200F4907E0042807BF4FF0FF306FF0A5
:104DF0000041002000210FB181F0004109B0BDE861
:104E0000F08900000000F03F436FAC642806C80A38
:104E10003CBF737FDD4F157565CDCD410000B041BE
:104E20000000F07F002363E700220021FAE7826898
:104E3000521C8260426832B10268531C03601170D8
:104E40004168491E4160704701F000428B1AA3F18E
:104E50006051B1F5801F0ADBB1F17F6F1FD242EACA
:104E6000C102C10071F1004142EB507070470B1557
:104E7000C3F10903212B10D2890241EA905180022B
:104E80000128494141F0004121FA03F0C3F1200318
:104E9000994071F1004150417047100070476FF028
:104EA000000013EB103F5CBF000E42EAC050704799
:104EB0002DE9F84F84B0894615460BB100221A60DF
:104EC0000446274600E07F1C387804F0CFF900281C
:104ED000F9D138782D2816BF2B2817F8018B4FF001
:104EE0002B08002DCDF8049003D4012D01D0252DE1
:104EF00005DBB9F1000F4DD0C9F800404AE0002DA4
:104F00000ADD102D04BF3878302802BF787840F0D1
:104F1000200078280ED10AE03878302818BF0A25FA
:104F200008D1787840F02000782802D11025BF1CE5
:104F300000E00825039700E07F1C38783028FBD07C
:104F4000DFF818B0FB440BF1140B4FF000090BF124
:104F500028000297CA468DF800000AE0DC550000E0
:104F600006469DF80000361ACA46F6B205FB0969E6
:104F70007F1C387804F084F901462A460BF128009A
:104F800004F088F90028EBD10399B94204D10198C3
:104F900000B10460002020E002991BF80500791A96
:104FA000091A002910D406DCB9EB060603D3B6FBB8
:104FB000F5F0504508D0AFF30080049808B1012106
:104FC00001604FF0FF3904E0B8F12D0F08BFC9F1BF
:104FD0000009019800B10760484605B0BDE8F08FB0
:104FE00003E0FFE70A220021FAE7002360E70268F6
:104FF000531C03601170704710F8012B11F8013B2E
:105000000AB19A42F8D0D01A704770B50D462C7884
:1050100034B970BD11F8013F1678B34206D0401C78
:10502000214604F063F928B101462A4612F8013FEF
:10503000002BEFD170BD2E00002204F063B94300B5
:10504000002204F079B9000050B1B0FA80F1884034
:10505000C1F19D01C905020672F1004241EB102029
:1050600070470000FF2212EAD05C1DBF12EAD15344
:10507000944593422BE09C44D30780EA010243EA23
:10508000002043EA01211A40A1FB0030C04238BF92
:1050900000187CF17F010BDBFE294ADA5B0842EA4B
:1050A000C15153EA006373F1004C51EB102070477B
:1050B000D1F1080CDCF120012FDB5B0810FA01F1C3
:1050C0000B4320FA0CF073F10041504170479445B6
:1050D0001CBF02EAD153934280EA010202F000426F
:1050E0001DD0400019D0490017D05BB9634514D0DA
:1050F0000902B1FA81F39940BCEB030CC00140F006
:105100000040C1E70002B0FA80FC10FA0CF0B3EBEB
:105110000C0CC90141F00041B6E710007047400097
:105120000AD0490008D010F1807F94BF11F1807F30
:1051300002E042F0FF407047D04370474FF0FF0C51
:105140001CEAD0531DBF1CEAD1526345624543E0BF
:105150009B1A5FEACC7280EA010C42EA01211CEA48
:10516000020C42EA0020421A38BF01EB420253F11E
:105170007E034FEA1121B2FBF1F001FB102260F334
:10518000D63C4FEA0222B2FBF1F001FB102260F3A1
:10519000CE1C4FEA0222B2FBF1F006DDFF2B29DA2A
:1051A0005CEA500040EBC3507047C3F1020301FBBF
:1051B0001022192B40EA4C010CF0004C41F0807198
:1051C00021DC21FA03F0C3F120039940114371F16E
:1051D000004250EB0C00704763451ABF0CEAD152F5
:1051E000624512E080EA010C00180CF0004C06D079
:1051F00049181AD10CF0004C4CF0FF407047C942DE
:1052000008BF6FEA020C60467047634506D1B2EBF7
:105210000C02F5D001F00041484070474A0212BF2D
:105220000846484000F0004070474AB90902B1FA08
:1052300081F2914043B19B18C00140F0004092E7D9
:10524000C90141F0004152420002B0FA80F3984097
:10525000D31A88E730B540F2FF7C1CEA11541DBF19
:105260001CEA1355644565453FE0641981EA030C67
:105270006FF35F530CF0004C43F48013C90241F00C
:10528000004141EA505EC5021100A5FB0202002860
:105290004FF00000EEFB01204FF00001E3FB052181
:1052A00018BF42F00102401800214941E3FB0E0102
:1052B000A4F580640D0302D292184041494154F193
:1052C000010470DD450872F1004250F1000051EB1D
:1052D0000451A1F5801102D441EA0C0130BD40F225
:1052E000FF7E4CEA0E51002030BD0CEA1355644598
:1052F00018BF654581EA030C0CF0004C41D050EA20
:10530000410E1CBF52EA430E02E06146002030BD50
:1053100024422C441BD15FEA050EF6D0090302BFDC
:1053200001460020AEF1140EB1FA81F5AEEB050492
:1053300001FA05FE0C35C5F1200100FA05F5C8405B
:105340004EEA000E6FF35F5343F480139CE733F093
:105350000043B3FA83F504BFB2FA82FE75440B3DF5
:10536000641BB5F1200E2FBF02FA0EF3AB40C5F15E
:10537000200E22FA0EFE38BF43EA0E03AA40641C38
:105380007CE750EA410E14BF52EA430E6FF0000171
:105390004FF4001515EB430F8EBF194615EB410F67
:1053A0009DE7B4D830BDD4F10104B4F120050FDA83
:1053B000C4F12005520828BF42F0010210FA05FE90
:1053C00001FA05F57244E2BFE0402843E1400FE0F6
:1053D000352C9ADCC5F1200452EA400220FA05F28D
:1053E00018BF42F0010231FA05F0A1400A43002142
:1053F00072F1004250F1000051EB0C0130BD000091
:1054000090EA010F40F16C8081F00041431A4FF0A7
:1054100000423EBF5340C01AC918D3095FEAD05CAE
:1054200013EB400F34BFB3EB410F40E07CEBD153A3
:105430000CD342EA012122D8D1EB402009D3400A03
:1054400028BF5FEA500140EBCC507047401A15D09E
:105450004002B0FA80F2521C9040400A4FEA3C23CE
:10546000B3EB026384BF00EB730007E040F400007D
:105470001A16DB07C2F10102D04018437047182BFF
:10548000FCDC31FA03F202FA03F3591A38BF42F096
:105490000102D2EB40203CBF0018ACF1010C5FEAE6
:1054A000CC5CC20572F100414CEB5020704713EB0D
:1054B000400F0FD2C94209D0ACEBD153022B03DB12
:1054C0004902172BDDDD70479143401AC042D5D108
:1054D0000020704713EB410FD0D36FF000007047EE
:1054E000421A3CBF801A8918C0F3C752FF2A4FF0F6
:1054F000004C22D0C1F3C7534BB3D21AD2F11903D7
:105500002EDD4CEA01214CFA03F321EA0303D140DA
:105510004CEA00226FF3160052180FD353EAC2531D
:105520004CEA520273EB0C0C50EB1220420012F1C9
:10553000807F38BF70476FF31600704753EA0263ED
:1055400022EA0C0273EB0C0C50EB1220704749025C
:1055500012BF9A4200EB5120EFE7D2F11703D2D5E8
:105560007047000001484068704700BFD805002020
:1055700008B410B585B007AB002404930394002948
:105580000EBF01940190491E0291009404AB01A941
:10559000074878441A3000F0A0FF019901B10C705F
:1055A000002858BF039805B010BC5DF808FB00BF89
:1055B0007FF8FFFF70B504000E46154608BF2C6843
:1055C000204602F0C5F90444207810B907A12960EB
:1055D00070BD3146204602F0CCF92118087810B190
:1055E000002201F8012B2960204670BD0000000058
:1055F00080B50748016841F010010160032000F008
:1056000016F80F2003F0A2FE01F0CCFE002002BD30
:10561000002002400901020002D42648815470474C
:10562000254B02F00F021A4402F8041C704723496C
:105630000A6860F30A2240F2FA5060F31F420A60DF
:10564000704770B51D4B1C68C4F302230124C3F1DD
:105650000705052D2EBF0F2504FA05F56D1E1E1D2D
:10566000072E34BF0023DB1E2940994004FA03F3C0
:10567000BDE870405B1E1A401143CBE7010007D420
:10568000012200F01F010E4B8A40400943F8202000
:105690007047401EB0F1807F01D301207047094957
:1056A000094A48600023F02010708B6007200860D2
:1056B0000020704700E400E018ED00E00CED00E091
:1056C00000E100E010E000E023ED00E0F8B5044662
:1056D00000270026002C71D004F12405686828B941
:1056E0000021A9602870204601F078FE204600F0D5
:1056F000AFF96968CA065DD401005BD1696821F41D
:10570000885141F0020169606368E269217B1A43B4
:10571000A36842EA4102B3F5807F14BF012B4FF426
:105720008077237D012B0FD131B9A169491E47EA4A
:10573000413747F4006707E0696841F0200169607C
:10574000A96841F00101A96021684B6823F469430D
:105750001F434F602368DFF8D4129F680F40174340
:105760009F60A168B1F5807F18BF012902D1266929
:10577000761E36052168CB6A23F470031E43CE6281
:105780002468DFF8AC12A3680B40934207D10022D3
:10579000AA6001216A6861F301026A60F2BD68686B
:1057A00020F0020040F010006860A86840F001009E
:1057B000A86003E0686840F0100068600120F2BD56
:1057C0002DE9F04706460C463068DFF87812DFF81E
:1057D0007052DFF868A29146884218BF504503D145
:1057E000286810F4702F65D106F124073878012855
:1057F00008BF022061D001203870304600F0DDF88B
:105800000028804653D17968DFF82C02014041F42A
:105810008071796001213068504516D12A6812F4F0
:10582000702F12D0786840F4801078602A68500594
:1058300003D5786861F30D3078607868C10446BF9D
:10584000B86820F00600002006E07A6822F4801292
:105850007A6040684205EBE7B86000212246397063
:105860004B46346A0FF23920A062316A0FF2792078
:10587000C862316A0FF2792008636FF00200346861
:1058800020603068816841F480718160306800F187
:105890004C01306A01F0E2FE306800F010F88168D7
:1058A0000CBF41F4A00141F48011816004E00020AC
:1058B000387001E04FF001084046BDE8F08781688C
:1058C00001F46021B1F5602F7047F8B50023009313
:1058D000002200F124031C78012C01D10220F2BD2A
:1058E00001241C701F264F680C680568072F08D21A
:1058F0007F1E07EB8707D5F834C000F058F86C63BB
:1059000012E00D2F08D2FF1F07EB8707D5F830C034
:1059100000F04DF82C6307E00D3F07EB8707D5F843
:105920002CC000F044F8EC6207260F688C6805680C
:105930000A2F08D30A3F07EB4707D5F80CC000F041
:1059400036F8EC6006E007EB4707D5F810C000F02A
:105950002EF82C610C68102C18BF112C23D1006874
:10596000384CA0421AD1384805682C021BD405686F
:1059700045F4000505600868102814D12D4D334901
:105980002C68B4FBF1F10A204143009100980028F3
:105990001EBF0098401E0090F8D104E00122586814
:1059A00040F020005860002018701046F2BDBE4044
:1059B0002CEA0606BC403443704738B50446002044
:1059C000009020688168CA072CD48168194A41F088
:1059D0000101816010681D49B0FBF1F1009102E006
:1059E0000098401E009000980028F9D1FFF7BAFDFA
:1059F000054600F051F815D4FFF7B4FD401B03280D
:105A0000F7D300F049F8F4D404F1240000224168EF
:105A100041F010014160816841F001018160027034
:105A2000012032BD002032BD00000000FDF7E1FF83
:105A3000FE0E1FFFE4050020FEF1FFFF00280140DD
:105A400004240140002401400824014040420F008A
:105A500038B5044620688168CA071BD581684908A3
:105A600049008160FFF77EFD054600F015F811D56D
:105A7000FFF778FD401B0328F7D300F00DF8F4D5AD
:105A8000A16A41F01001A162E06A40F00100E06209
:105A9000012032BD002032BD20688168C8077047F0
:105AA000416A8A6A12F0500F1BD1886A40F4007074
:105AB00088620A68906800F46020B0F5602F04BF27
:105AC000087B00280AD1886A20F480708862886A7E
:105AD000C20403D4886A40F001008862084603F0DB
:105AE00055BC0A6A116B0847406A03F050BC0000BD
:105AF000406A816A41F040018162C16A41F004015B
:105B0000C16203F045BC000038B5040001D101209A
:105B100032BD00F049F818B900F042F801F0A0FCDD
:105B20002AE090F83D10012901D0012070470221A0
:105B300080F83D100168CA6842F00102CA6001683D
:105B4000DFF86C20914218BFB1F1804F07D0DFF829
:105B5000642091421CBFDFF86030994205D189680A
:105B600001F00701062905D001680A68084642F0DD
:105B7000010202600020704702206870211D206829
:105B800000F013F90120A8720121A970E8702971B1
:105B90006871A971E871297268726970002032BD5C
:105BA000002129702046704704F13C056878704751
:105BB000002C0140000400400008004070B504467D
:105BC0002068C5680669B10714D5AA0712D56FF019
:105BD0000201016101222277806910F0030F204643
:105BE00002D003F0D6FB03E003F0D4FB00F07BF817
:105BF00000202077700715D56A0713D520686FF04D
:105C00000401016102222277806910F4407F20465E
:105C100002D003F0BEFB03E003F0BCFB00F063F82E
:105C200000202077300715D52A0713D520686FF09C
:105C30000801016104222277C06910F0030F204699
:105C400002D003F0A6FB03E003F0A4FB00F04BF846
:105C500000202077F00615D5EA0613D520686FF0EE
:105C60001001016108222277C06910F4407F2046AC
:105C700002D003F08EFB03E003F08CFB00F033F85E
:105C80000020207706F0010205F001010A4206D04B
:105C900021686FF001020A612046FAF76BFA3006BC
:105CA00008D52A0606D521686FF0800008612046D5
:105CB00003F071FB700608D56A0606D521686FF0FF
:105CC00040000861204603F067FBB0060AD5AA062B
:105CD00008D521686FF0200008612046BDE87040BB
:105CE00003F05BBB70BD204603F058BB70B50446A3
:105CF00004F13C0600253078012801D1022070BD56
:105D00000120307002227270DFF80C012268936863
:105D1000034093600868020018BF102830D0202884
:105D200018BF30282CD0402826D0502819D0602801
:105D30001BD0702806D0B0F5805F27D0B0F5005F8B
:105D400007D022E000F02CF82068816841F077014C
:105D500005E000F025F82068816841F48041816009
:105D600014E000F019F850210BE0CA684968206877
:105D700000F06BF8602104E000F00EF8402100E034
:105D80000146206800F073F800E0012501207070E2
:105D900000213170284670BDCA684968206845E016
:105DA000CB684A688968206869E070B503681B4C55
:105DB0001B4A1C4DA04218BFB0F1804F03D0A8422F
:105DC00018BF904209D123F070064B683343A042BC
:105DD0001CBFB0F1804FA84201D0904203D123F400
:105DE0004072CB6813434A6923F080031343036076
:105DF000A0428B68C3620A68826202D109690A4ABA
:105E00001160012343610169CA0703D5016949088B
:105E10004900016170BD00008800FFFF002C0140B7
:105E20000008004000040040302C014010B5036A17
:105E3000046A64086400046223F00A03846924F09D
:105E4000F00444EA0214846123E010B5036A046A92
:105E500024F01004046223F0A003846924F4704445
:105E600044EA0234846143EA0113036210BD82688C
:105E700022F07002114341F007018160704710B5B4
:105E8000846824F47F442143114341EA0321816063
:105E900010BD1943016210BD70B500F13C031A78C2
:105EA000012A01D1022070BD01221A7002245C7007
:105EB00005686E68AC680A6826F0700616436E6066
:105EC00002680B48824218BFB2F1804F05D00948E2
:105ED00082421CBF084DAA4204D1486824F08004C5
:105EE00004439460012159700020187070BD0000B7
:105EF000002C0140000400400008004010B50400E0
:105F000001D1012010BD01F044FB2268E06840F09F
:105F10008000106023696068A16803430B435360ED
:105F2000002010BDC1680068016000207047016852
:105F30004A68930507D58A68D30704D56FF0010234
:105F40008A60FDF7CBBF70472DE9F843040016D0F7
:105F50002078DFF85464C10713D5706800F00C0096
:105F6000042807D0706800F00C00082840D1706841
:105F7000C1033DD53068810303D56068002800F077
:105F800058812078DFF83094810719D5706810F0B7
:105F90000C0F07D0706800F00C00082860D1706802
:105FA000C1035DD43068810703D52269012A40F01E
:105FB00040813068616920F0F80040EAC10030603B
:105FC000207801077BD5A069DFF8F013002800F0E6
:105FD0009D8001220A60FFF7C5FA0546706A8107B5
:105FE0005ED4FFF7BFFA401B0228F7D9032023E154
:105FF0006068B0F5803F04D1306840F48030306094
:1060000014E008B930680AE0B0F5A02F306806D176
:1060100040F480203060316841F4803105E020F4A4
:1060200080303060316821F480213160606858B17F
:10603000FFF798FA054630688103A2D4FFF792FA79
:10604000401B6528F7D3D1E7FFF78CFA0546306887
:10605000810396D5FFF786FA401B6528F7D3C5E77D
:10606000206970B10121C9F80010FFF77BFA0546DD
:10607000306881079DD4FFF775FA401B0228F7D9D5
:10608000B4E70022C9F80020FFF76CFA0546306833
:10609000810795D5FFF766FA401B0228F7D9A5E7D7
:1060A000DFF808231068C0084FF47A71B0FBF1F1F3
:1060B000009100BF0098411E00280091F9D120787E
:1060C000410768D5F0690025C10009D4F06940F0A6
:1060D0008050F0610125F06900F080500090009838
:1060E000DFF8DC723868C1051DD4386840F4807070
:1060F0003860FFF737FA80463868C10513D4FFF7D8
:1061000031FAA0EB08006528F6D36FE70860FFF7C7
:1061100029FA0546706A8107D1D5FFF723FA401B9B
:106120000228F7D962E7E068012808D008B9306A88
:1061300009E00528306A06D140F004003062306A78
:1061400040F0010005E0400840003062306A20F075
:106150000400306241F28938E06858B1FFF702FA72
:106160000746306A810711D4FFF7FCF9C01B404590
:10617000F7D33BE7FFF7F6F90746306A810705D505
:10618000FFF7F0F9C01B4045F7D32FE71DB1F069C9
:1061900020F08050F061E06900284CD0716801F077
:1061A0000C01082938D002282AD100F047F805460A
:1061B0003068810105D5FFF7D5F9401B0228F7D9D2
:1061C00014E7206AB0F5803F05D17168A06821F41A
:1061D0000031014371607268206A616A22F47412AE
:1061E00002430A437260012000F029F80446306837
:1061F000810120D4FFF7B6F9001B0228F7D9F5E694
:1062000000F01CF804463068810114D5FFF7AAF9A4
:10621000001B0228F7D9E9E601280AD07068226A33
:1062200000F48031914202BF00F47010616A88422C
:1062300001D0012000E00020BDE8F2830020C9F871
:106240006000FFF78FB92DE9F041040088464ED079
:106250005C4F00F077F802D200F06FF847D1206869
:10626000514D810712D5400703D5696841F4E061BB
:1062700069602078010703D5686840F46050686061
:106280006968A06821F0F001014369602178C807BE
:1062900025D56068012802D129688A0303E0022815
:1062A000296802D18A0102D421E08A071FD56968D2
:1062B000890840EA81006860FFF754F9064668687B
:1062C000616800F00C00B0EB810F08D0FFF74AF9CD
:1062D000801B41F289318842F1D303202BE03868DA
:1062E00000F00700804504D200F027F801D001201B
:1062F00021E02078420705D56968E06821F4E06173
:10630000014369602178080706D56968206921F48E
:10631000605141EAC001696000F01AF86A682A49D0
:10632000224BC2F30312895CC84018602148006800
:1063300003F00CF80020BDE8F0813968C90848EA8C
:10634000C1013960386800F007004045704700001F
:1063500010B51E4916480A6802F00C04082C10D12A
:106360001DA3C2F38344D2031B5D08D509685843BB
:106370001DA3C1F34041595CB0FBF1F010BD1448BE
:10638000584310BD0948114A006813681149C3F306
:10639000022206E005480D4A006813680D49C3F360
:1063A000C222895CC840704700100240E40500200A
:1063B00000127A00E00500200000424280044242C0
:1063C000007000400020024018A90008041002409C
:1063D00000093D0038A90008020304050607080962
:1063E0000A0B0C0D0E0F1010010200002DE9FC41EC
:1063F0000646354D3078C10750D5A8690024C10044
:1064000009D4A86940F08050A8610124A86900F06F
:106410008050009000982D4F3868C10511D438681D
:1064200040F480703860FFF79DF880463868C105F9
:1064300007D4FFF797F8A0EB08006528F6D30320F0
:106440003FE0E86910F440701EBF716801F44071CC
:10645000884218D01E49E86901220A60002320F40E
:1064600040700B60E861C0070DD5FFF77BF8074669
:10647000E869810707D4FFF775F8C01B41F289313D
:106480008842F5D3DBE7EA69706822F44072024380
:10649000EA611CB1A86920F08050A86130788207B9
:1064A00005D52968B06821F440410143296031785D
:1064B000C80605D52968F06821F4800101432960E8
:1064C0000020BDE8F681000004100240007000408A
:1064D0004004424240F0200070472DE9F14FB0B037
:1064E000924604910DF142013A9A2B9199464A70D5
:1064F00000200AE01AF8011B0498309A90470028FF
:10650000049000F044860D98401C0D909AF800000D
:1065100058B12528EED100200021002207900891D3
:1065200009920A910B920C9104E00D9800F031BE93
:1065300041F001011AF8010F2028F9D023280CD0CE
:106540002B2804D02D2805D0302809D00BE041F0AD
:106550000201EFE741F00401ECE741F00801E9E74F
:1065600041F01001E6E72A280FD1D9F8002052F8AF
:10657000040BC9F8002000280F9003D540420F906B
:1065800041F004010AF1010A14E00F92DFF8082C2F
:106590000AE00F9B934205DA03EB830400EB44000F
:1065A00030380F900AF1010A9AF80000A0F1300388
:1065B0000A2BEED39AF800202E2A03D04FF0FF309A
:1065C0000E9029E01AF8010F2A2809D1D9F80020E5
:1065D00052F8040BC9F800200E900AF1010A1BE0E2
:1065E0002D280CBF0AF1010A002000220E92DFF8CC
:1065F000A84B0BE040B90E9BA34205DA03EB8305E1
:1066000002EB4502303A0E920AF1010A9AF8002094
:10661000A2F130030A2BEDD3ADF840100FF67C3019
:106620009AF8001002F062FE08B11AF8010B8DF81A
:1066300042009DF84200682805D19AF800106829A8
:106640000CD1622006E06C2804BF9AF800106C2977
:1066500004D171208DF842000AF1010A12AA0692B3
:106660001AF801BBBBF125002CD01C3800F0978133
:10667000001F022840F29381133800F0BA840938D1
:1066800000F08D81801E00F04F85401E00F0FC84DC
:10669000401E022840F28381001F00F0F584401F55
:1066A00000F0F280401E00F0A484401E00F0DA806A
:1066B000C01E0ED0801E00F09C84C01E00F0998485
:1066C00000F03DBD0122252107928DF8481000F011
:1066D00042BDD9F8000050F8044BC9F80000002C66
:1066E000059440F0AB802B994878002800F0A180F9
:1066F0004FF0FF340FF6AC2002F052FE241A40F0A7
:10670000468500F028BD01236A4602A9304600F004
:106710000DFE002840F03B85641EF4D13096079CA6
:1067200012AF74B1309E17F8011B0498B0470028CF
:10673000049000F02C850D98401C641E0D90F2D141
:1067400030960A9C3021002C8DF800100CDD309E14
:1067500001236A4602A9304600F0E8FD002840F017
:106760001685641EF4D13096059F089C74B1309E46
:1067700017F8011B0498B0470028049000F0078523
:106780000D98401C641E0D90F2D130960B9C302168
:10679000002C8DF800100CDD309E01236A4602A902
:1067A000304600F0C3FD002840F0F184641EF4D1AF
:1067B000309605980899099C471874B1309E17F8CF
:1067C000011B0498B0470028049000F0E0840D9865
:1067D000401C641E0D90F2D130960C9C3021002C90
:1067E0008DF800100CDD309E01236A4602A9304668
:1067F00000F09CFD002840F0CA84641EF4D130965D
:106800009DF8400041077FF581AE2020002D8DF8D6
:1068100000007FF77BAE309C01236A4602A9204628
:1068200000F084FD002840F0B2846D1EF4D1309455
:106830006CE60FF65830059000F08DBC0E9D002DD3
:1068400004D52046FDF7E0FB044608E02A46002177
:10685000204602F01FFD002814BF041B2C4608949C
:1068600000F079BCD9F8001051F8040BC9F80010F9
:1068700020F00002002121F0FF33CDE9022312AC09
:106880000594782100F04CBC2B99487820B14FF04A
:10689000FF340FF6C8202FE79DF84200622860D031
:1068A000682817D06A283FD06C2806D0712847D0B6
:1068B00074282CD07A281DD062E0D9F8001051F845
:1068C000040BC9F80010002866D14FF0FF340FF612
:1068D000A42011E7D9F8001051F8040BC9F80010F2
:1068E00020B94FF0FF340FF68C2005E70D99018099
:1068F00000F031BCD9F8001051F8040BC9F80010B1
:10690000002849D14FF0FF340FF66820F4E6D9F89B
:10691000001051F8040BC9F8001000283CD14FF0CA
:10692000FF340FF65020E7E6D9F8001051F8040BB9
:10693000C9F8001080B94FF0FF340FF63820DBE6BD
:10694000D9F8001051F8040BC9F8001020B94FF025
:10695000FF340FF62020CFE60D9AD317C0E90023AD
:10696000F9E3D9F8001051F8040BC9F8001020B968
:106970004FF0FF340FF6FC10BEE60D990170EAE30C
:10698000D9F8001051F8040BC9F8001020B94FF0E5
:10699000FF340FF6E010AFE60D990160DBE39DF8E0
:1069A00042004C2807BFD9F80010CA1DD9F80000D2
:1069B000C21D22F00702C9F80020D2E90001083206
:1069C000C9F80020CDE90201C80F02D007982D2197
:1069D0000AE0BDF84000810702D507982B2103E0AB
:1069E000C00705D50798202112AA1154401C079012
:1069F00012A807994BF0200300EB010CDDE902011E
:106A0000CDE92C01612BCDF814C021AC0BD00E9830
:106A1000002848BF062105D404BF4BF0200067289A
:106A200001D101210E91DDE902014F0047EAD07743
:106A30007E15FF174FF0FF32974208BF964210D1E4
:106A4000090341EA10510003002908BF002808D0BB
:106A5000ABF1610503211A2D089118D30FF63411FB
:106A600010E0DDE902014A00521512F1010F11D1C7
:106A700008030FD1ABF1610503211A2D08911FD333
:106A80000FF6181103226046FDF77CFF63E30FF653
:106A90000011F7E7DDE902016A4601F039FECDE9B0
:106AA00002014BF02000612811D1059830220270BC
:106AB000811C0591BBF1610F0CBF7821582102E0C8
:106AC0000FF6D401DEE741700798801C0790DDE9DE
:106AD000020120F0000231F0004308BF002A02D179
:106AE0000026002542E14BF02008B8F1610F40F08C
:106AF00092800E99002947BF21200190491C0191E5
:106B0000019FDDE92C017F1C00220023DDE9024505
:106B100002F066FC38BF85F0004500988DF88420AF
:106B2000001F002F00900DF1850632DD204629461A
:106B30000022002302F06EFC2BD21C2201F044FF45
:106B400004460D4602F080FCFF1F002F804609DD41
:106B500002F044F902460B462046294602F00EFA9E
:106B600004460D46F01D0721B8F1000F0CDD491E4B
:106B70005EBF08F00F0200F8012D4FEA2818F3D588
:106B800002E0002200F8012D491EFAD5C61D002F93
:106B9000CCDC0DF18500361A01980DF18504864292
:106BA000D8BF304600282FD4B04206DA0DF1850157
:106BB0000A5C082AA8BF0F2100DA0021024621AB97
:106BC000134400E0401E13F80159521E8D42F9D0C3
:106BD0000F2904D10DF185018B5C5B1C8B54002ABD
:106BE00004D50099091D21AC401C0091411E0BD415
:106BF000621813783033DDB23A2DA4BF5B443A3BC0
:106C0000491E02F80139F4D50E9A002A40F1AC80F1
:106C1000411E0E91A8E00099DFF8002747F2975037
:106C2000414391FBF2F20092DDE92C45C2F10702EB
:106C3000002A25F0004504DD2046294600F04AFBE5
:106C40000BE052420020DFF8D81600F043FB02466A
:106C50000B462046294601F093FD04460D46B8F147
:106C6000660F06BF009F0A3706270E983F18142F9D
:106C7000C8BF142730208DF884000DF18506002F41
:106C800034DD2046294602F0FBFB01460A4606F1A8
:106C9000080304200A26B2FBF6F606EB860EA2EBEA
:106CA0004E02303203F8012C0A22B6FBF2F202EB5C
:106CB000820EA6EB4E063036401E03F8026DE9D177
:106CC000083F002F03F10806D9DD084602F0EAFB71
:106CD00002460B462046294602F050F90022DFF812
:106CE0004436FEF7B7FA04460D46CAE70DF18500B3
:106CF000361A0DF1850404E00098401E761E0090BF
:106D0000641C20783028F7D0B8F1660F02D10098C3
:106D1000401C04E0B8F1650F0CBF012000200E9963
:106D200040188642B8BF701E00281DD4B04204DA55
:106D3000215C3429C8BF392100DC30210246631EA2
:106D40009D1800E0401E15F80169521E8E42F9D0D0
:106D5000392902D1A15C491CA154002A04D500990B
:106D6000491C1C46401C00910646009D02F0C8FBD1
:106D7000406A0778DDF8388030B2002802DC01264E
:106D80000FF21C644BF02000662808BF6D1C16D063
:106D9000672845D128B210F1040F47DB404545DA9A
:106DA0009DF840006D1C010703D430B24045D8BFA8
:106DB000804628B2B8EB000848BF4FF000080FFA31
:106DC00085FBBBF1000F00F3B3800898411C0891CC
:106DD000302205990A54B8F1000F03DC9DF84000F9
:106DE000010704D50898411C089105990F5418EB28
:106DF0000B0FB8BFC8F100052DB26842454432B24E
:106E00000B909542B8BF2E46059B089836B209965E
:106E1000324621461844FDF7B5FDAD1B0C95D1E077
:106E2000BBF1610F17D14FF0700B19E030B2404544
:106E300004DA9DF840100A0758BF8046B8F10108EF
:106E400048BF4FF00008BBF1670F14BF4FF0450B70
:106E50004FF0650B04E0BBF1410F08BF4FF0500B42
:106E60000898411C0891B8F1000F059914F8012BFE
:106E70000A5403DC9DF8400001071AD50898411C0C
:106E80000891B8F1000F05990F5412DD761E30B24B
:106E90008045B8BF46460598089B32B22146184443
:106EA000FDF770FD089836B230180890A8EB060080
:106EB0000B9005980899014428B2002881F800B089
:106EC00003D42B204870891C04E02D224A7005460B
:106ED000891C6D4200202CAA0AE02B460A2593FB50
:106EE000F5F505EB8504A3EB440302F8013B401CD8
:106EF0002DB2002DF1DC012806DC4BF02002652AC2
:106F000004BF302201F8012B00282CAA08D1302020
:106F100001F8010B06E0401E135C303301F8013B21
:106F20000028F8DC059A08981044091A099149E0EC
:106F300030B229B288421CDA0598089B32B2214649
:106F40001844FDF71FFD089936B271180891ABEB94
:106F50000600B8F1000F0B9003DC9DF8400002071B
:106F600004D5059847540999491C0991CDF83080FA
:106F700028E00598089B2AB221461844FDF702FD37
:106F80000898761B5844B8F1000F089003DC9DF870
:106F900040100A0703D5411C089105990F5430B2DF
:106FA0008045B8BF46460598089B32B204EB0B01FA
:106FB0001844FDF7E7FC089836B230180890A8EBA3
:106FC00006000B909DF8400000F01400102840F0DF
:106FD000C280079A08980B99821809988A18821813
:106FE0000C980F998018884280F2B580081A0A9090
:106FF000B1E09DF84200622808D068280ED06A28C7
:1070000014D06C281FD0712810D01CE0D9F80010C3
:1070100051F8040BC9F80010C0B21AE0D9F80010FA
:1070200051F8040BC9F8001080B212E0D9F8000042
:10703000C21D22F00702C9F80020D2E9000108327F
:10704000C9F8002006E0D9F8001051F8040BC9F87F
:1070500000100021CDE902019DF8400002075AD539
:10706000DDE90201002908BF002854D04BF02002BE
:10707000782A50D1079812A930230B54401C421C87
:10708000079201F800B046E09DF84200622808D05F
:1070900068280ED06A2814D06C281FD0712810D010
:1070A0001CE0D9F8001051F8040BC9F8001040B2E8
:1070B0001AE0D9F8001051F8040BC9F8001000B21A
:1070C00012E0D9F80000C21D22F00702C9F8002022
:1070D000D2E900010832C9F8002006E0D9F8001012
:1070E00051F8040BC9F80010C117CDE902010029BD
:1070F00002D507982D210AE0BDF84000810702D58E
:1071000007982B2103E0C00705D50798202112AA74
:107110001154401C079012A8079901440591594643
:1071200002A800F04DF816E001200790D9F80010F1
:1071300051F8040BC9F800108DF848000BE001204D
:107140002521BBF1000F07908DF8481003D00221D4
:1071500007918DF849B00F9D07980A992D1A089844
:107160006D1A0B992D1A09986D1A0C992D1A9DF804
:1071700040006D1A41073FF5D2AA2020002D8DF85E
:1071800000007FF7CCAA309E2C46FFF7BCBA4FF028
:10719000FF3031B0BDE8F08FCBCCCC0C686A6C749A
:1071A0007A4C00007072696E74665F733A20626197
:1071B0006420257320617267756D656E7400000030
:1071C0002DE9FC4D06468846376940466F2808BFC2
:1071D000082405D0FFF77EF9782814BF0A2410246C
:1071E000D6E900013C2582468B46B8F1640F18BFF2
:1071F000B8F1690F05D1002903D5DAF1000A6BEB6C
:107200004B0BBBF1000F08BFBAF1000F0CD1306B74
:1072100050B9082C3AD196F83800010736D53022FB
:107220003B2587F83B2031E08DF8008050465946D9
:107230002246002302F06AF93032D0B26D1E3A289D
:1072400001950EDA7A55504659462246002302F03F
:107250005DF982465FEA010B08BFBAF1000F05D164
:1072600008E09DF800001218513AEBE7F068791930
:107270008842DBD3082C09D196F83800010705D5E0
:10728000785D302802D06D1E30207855C5F13C0263
:10729000306BB26179198242F16008DA318F821A5B
:1072A0004FF6EF70014031873262BDE8F38D002860
:1072B0000ED596F8380000F01400102808D1736B32
:1072C0007069316A1B1A5B1A9B1A002BC8BF3362A4
:1072D000BDE8F38D2DE9D04306460F4614464FF026
:1072E0000008DFF8449012E0E00707D542464B461D
:1072F00030463946FDF7AEFF06460F464046494642
:1073000042464B46FDF7A6FF641080468946002C96
:10731000EAD130463946BDE8D0830000A08601009E
:107320000000F03F84D7974100002440F8B505469F
:107330000E4617461C4600205CB117F8011BB068CA
:10734000A847B06030B1F06A401CF0620020641EB3
:10735000F3D1F2BD4FF0FF30F2BD00007072696EE4
:1073600074665F733A20256E20646973616C6C6F7C
:10737000776564007072696E74663A206261642099
:10738000256E20617267756D656E740000000000E7
:107390006E616E004E414E00696E6600494E4600B9
:1073A00030000000884881B0026842F001020260AB
:1073B000016801F0010100910099426842F0805299
:1073C00042600222406800F08050009000987F48A0
:1073D000016862F31A61016001B0704730B585B091
:1073E00004461021002201A801F0A6FF2168784A76
:1073F000914233D17448774D036843F400730360BE
:10740000016801F4007100910099026842F00402E1
:10741000026001A9006800F0040000900320009AB7
:10742000019002906C48FDF74FF96C4828600021EC
:1074300069608020E8604FF4807129614FF48060BA
:10744000002268612021AA60A961EA61284600F053
:10745000D3F808B1FCF78AFD25626C6205B030BD37
:1074600080B500F038F81FD1086840F4006008606B
:107470000022096801F4006100910021009B18209E
:10748000FEF7DFF81820FEF7F9F800220021192096
:10749000FEF7D7F81920FEF7F1F8002200211A2094
:1074A000FEF7CFF81A2011E04D4A904212D14868F9
:1074B00040F0040048600022486800F0040000909A
:1074C000002100981E20FEF7BCF81E20BDE80240F7
:1074D000FEF7D4B801BD0068424A3B49904270476C
:1074E00018B585B0044610210022684601F024FF3B
:1074F00021683D4A384C3448914219D1036843F41D
:1075000080430360016801F4804100F036F84FF4D5
:10751000007000F029F84FF4806000F01DF80022A0
:1075200000212520FEF78DF82520FEF7A7F811E0B1
:107530002E4A91420ED1416841F4003141604168C8
:1075400001F4003100F019F8042000F00DF80820D3
:1075500000F002F806B010BD0021009001910291E8
:1075600020466946FDF7B0B8049A009001910322C5
:10757000039269462046FDF7A7B804910499026872
:1075800042F0040202600221006800F0040004904E
:10759000704700681649884200D0704780B515488A
:1075A000026842F4006202600022006800F4006099
:1075B00000900021009B0020FEF743F8BDE8024048
:1075C0000020FEF75BB800001810024004000140E4
:1075D00000240140C80A00200008014008000240C1
:1075E00000080040002C01400038014000440040E9
:1075F000002C00401C10024030B508B9012030BDFD
:107600000268DFF800138A18142400F13803B2FB73
:10761000F4F4A400DFF8F0129C605960022280F8B4
:10762000212001680C684168826805686FF30D14B9
:107630000C43C168144302690C43416914438269D5
:107640000C43C16914430C432C6000221A600123CF
:1076500080F8213080F82020002030BDF8B500F0FF
:1076600034F801D10220F2BD00F035F822D1022712
:1076700004F12C0684F821700020F060206807686F
:107680007F087F000760204600F04EF921683068CF
:1076900020B10A6842F00E020A6008E0086820F093
:1076A000040008602068016841F00A01016000F0F0
:1076B00006F802E084F8205002252846F2BD206832
:1076C000016841F00101016070470446002594F80B
:1076D000200001287047012084F8200094F82160E0
:1076E000012E704710B590F82110022900F13802E0
:1076F00006D004231360002180F82010012010BD63
:1077000001680B6823F00E030B60012301680C680D
:10771000640864000C60916852688B4053600121DA
:1077200080F82110002280F82020002010BD38B5FC
:1077300090F821200024022A00F1340103D0042013
:10774000486001243EE00268136823F00E031360D2
:107750000268DFF8B83115686D086D0015600268C1
:107760009A4208BF012222D0DFF8A4319A4208BF12
:1077700010221CD0DFF89C319A4208BF4FF480726F
:1077800015D0DFF894319A4208BF4FF480520ED0E2
:10779000DFF888319A4208BF4FF4803207D0DFF813
:1077A00080319A420CBF4FF480124FF08072DFF8A4
:1077B00074311A60012280F8212080F82040096885
:1077C00001B18847204632BD2DE9F84F00F128026B
:1077D00004275169534E09680368DFF844B11C68F7
:1077E0009569DFF838C1DFF830E1DFF82881DFF88C
:1077F0002091DFF818A1AF4039422DD067072BD573
:1078000019688C0603D4196821F004011960016815
:10781000514508BF042118D0494508BF402114D064
:10782000414508BF4FF480610FD0714508BF4FF448
:1078300080410AD0614508BF4FF4802105D05945E9
:107840000CBF4FF480014FF0806131605168002916
:1078500056D0BDE8F44F08470227AF40394232D036
:10786000A70730D519688C0606D4196821F00A01DB
:107870001960012380F821300168514508BF0221B9
:1078800018D0494508BF202114D0414508BF4FF406
:1078900000710FD0714508BF4FF400510AD0614507
:1078A00008BF4FF4003105D059450CBF4FF400110B
:1078B0004FF000713160002180F820101168F9B19B
:1078C000BDE8F44F0847082606FA05F5294217D007
:1078D000210715D51C6824F00E041C600123916952
:1078E00054698B40636001211161012380F82130CC
:1078F000002180F82010916811B1BDE8F44F0847CD
:10790000BDE8F18FF8FFFDBF000002400800024013
:107910001C00024030000240440002405800024077
:107920006C0002400400024070B5046CC66B012577
:10793000A5407560046863604068102802D1A260A9
:10794000E16070BDA160E26070BD70477047704734
:1079500070B4044600E0641C23783BB10D462A78DD
:1079600022B115F8016BB342F9D1F4E7201A70BCCB
:10797000704770B4044600E0641C23783BB10D46A8
:107980002A78002AF8D015F8016BB342F8D1201AF2
:1079900070BC7047034608460122C168491CC1609B
:1079A00000210068184703460846C1680269491C5F
:1079B000521E002A0261C16003D400680122002126
:1079C00018474FF0FF307047034608461146C2681B
:1079D000521E11F1010FC26002D000680022184748
:1079E000704700002DE9F84F9AB0002500914FF044
:1079F000FF381B68019302920DF13F02249B8DF822
:107A00001F3003951992814613E00398401C0390A0
:107A1000012200980021C847054601F027FC0028F4
:107A2000F3D12A4669464846FFF7CEFF0299481C23
:107A300002900298007801F019FC0028E5D1029D1F
:107A4000287820B9404500DA404600F039BD2528A5
:107A500009D1681C029001782A2915D1401C029096
:107A6000401E007811E00398401C0390012200980A
:107A70000021C84729788842D8D00246694648463E
:107A8000FFF7A2FF0020DDE7002000218DF81C0099
:107A90000591DFF8203A0AE0059A9A4205DA02EBEE
:107AA000820501EB450130390591401C0290029896
:107AB0000178A1F130020A2AEED34FF0FF37069782
:107AC00001780FF6F41001F011FC20B10298401C6F
:107AD0000290401E00788DF81D009DF81D0068285A
:107AE00005D102980278682A0CD1622106E06C2840
:107AF00002BF029802786C2A04D17121421C8DF8D1
:107B00001D100292029801780FF6A03001F0EEFBF2
:107B100080B90398401C0390012200980021C847B7
:107B2000054601F0A3FB0028F3D12A4669464846E2
:107B3000FFF74AFF0020029A8DF81E0010782538C2
:107B40003AD01C3800F09F80001F022840F29B8032
:107B5000133800F01583C01E1FD0801F00F09380E3
:107B6000801E00F09284401E00F00A83401E02280E
:107B700040F28980001F00F00383401F41D0401E67
:107B8000012840F2FD82001F38D0801E00F0F882EC
:107B9000C01E00F0F58200F083BC3A4600F076BCCF
:107BA0002498002800F07D8417F1230F40F0798499
:107BB0004FF0FF3000F084BC0398401C039001227A
:107BC00000980021C8470546252D0CD1B8F1000FBB
:107BD00048BF4FF000089DF81E0000283FF426AF74
:107BE00008F1010822E72A4669464846FFF7ECFEFD
:107BF00015F1010F00F0558400F052BC012200F095
:107C000045BC9DF81C000028E0D19DF81D006228AD
:107C10002DD0682811D06A281BD06C2801D071287B
:107C200017D0019951F8040B019118B90FF684206F
:107C300000F027BC03990160C8E7019951F8040BD3
:107C4000019118B90FF66C2000F01BBC039901805C
:107C5000BCE7019951F8040B019118B90FF65420B3
:107C600000F00FBC039AD317C0E90023AEE70199D7
:107C700051F8040B019118B90FF6382000F001BC3F
:107C800003990170A2E705980028D8BF6FF0004063
:107C9000049069464846FFF786FE00250AAC2B286B
:107CA00018BF2D2807D18DF8280069464846FFF7F0
:107CB0007AFE0DF12904002630284FF00A0A16D169
:107CC00069464846FFF76FFE40F02001C9B27829A7
:107CD00002D001263146ECE0302020706170484629
:107CE0006946FFF760FEA41C4FF0100AF2E740F06F
:107CF0002001CAB26E2A4CD16E2004F8010B6946ED
:107D00004846FFF750FE83464BF02000C0B2612882
:107D1000AA4640F08981612104F8011B4846694662
:107D2000FFF741FE83464BF02000C0B26E2840F0C2
:107D30007B8169464846FFF736FE282806D0024672
:107D400069464846FFF740FE6E2052E00498401E08
:107D5000049004D50398401C0390BB4604E0694698
:107D60004846FFF717FE8346CDF820B0584601F08D
:107D7000E5FC0028EAD1ABF130000A28E6D30898E8
:107D80005F28E3D08346BBF1290F40F04D816E2080
:107D90002FE0C9B2692940F09C80692004F8010BEA
:107DA00069464846FFF7FFFD83464BF02000C0B20E
:107DB0006E28AA4640F038816E2104F8011B48461F
:107DC0006946FFF7F0FD83464BF02000C0B26628FD
:107DD00040F02A8169464846FFF7E5FD40F0200162
:107DE000C9B2692908D0024669464846FFF7ECFD4A
:107DF000662004F8010B1DE103980499401C491EFC
:107E000000290491039005D4009801220021C8475D
:107E1000834600E0BB464BF02000C0B26E2840F025
:107E2000038103980499401C491E00290491039082
:107E300005D4009801220021C847834600E0BB46D4
:107E40004BF02000C0B2692840F0EE8003980499FE
:107E5000401C491E00290491039005D4009801227A
:107E60000021C847834600E0BB464BF02000C0B26B
:107E7000742840F0D98003980499401C491E0029B9
:107E80000491039005D4009801220021C84783463D
:107E900000E0BB464BF02000C0B2792840F0C4801F
:107EA000662104F8011BC5E069464846FFF772FDEC
:107EB0000121302808D10498401E0490F4D503987D
:107EC000401C03903846F3E70E4611B1302104F808
:107ED000011B0146AB46304605E069464846FFF7C0
:107EE00059FD0146012011F1010F24D0CBB2612BC5
:107EF000A8BFA1F157020ADA412BA8BFA1F13702AE
:107F000005DA303B0A2B34BFA1F13002FF22D2B296
:107F1000524510D2BBF1240FBABF04F8011B0BF17C
:107F2000010B6D1C0498401E0490D6D50398401C8C
:107F300003903946D6E78DF820000E46CDF824B0E0
:107F400001F0DEFA406A01788E4210D104F8016B2C
:107F500003980499401C491E00290491039005D4FC
:107F6000009801220021C847064600E03E460998D5
:107F7000E0B99DF8201005E069464846FFF70AFD84
:107F800006460121302E09D104986D1E401E049032
:107F9000F2D50398401C03903E46F2E7002D8DF881
:107FA000201003D5302104F8011B6D1C30469DF8CC
:107FB0002010099E04E069464846FFF7EBFC0121CA
:107FC00010F1010F22D0C3B2612BA8BFA0F157025C
:107FD0000ADA412BA8BFA0F1370205DA303B0A2BA1
:107FE00034BFA0F13002FF22D2B252450ED2242E6D
:107FF00008DB0498401E0490DDD50398401C0390D4
:108000003846DCE704F8010B761CF2E70E008346E5
:108010000AD04BF02000BAF10A0FC0B234D1652863
:1080200034D001E083460E465A4669464846FFF77B
:10803000CBFC0EB3002121709DF81C0000287FF4BA
:10804000C5ADBAF10A0F0B4674DC2A460AA8FCF744
:108050004FFE01228DF81E209DF81D20019B6C2AE9
:1080600073D153F8042B0193002A6BD1DFF840043D
:10807000784400F23C4004E20AA8844208BF1BF1A5
:10808000010F40F00D820CE27028CDD104F801BB45
:108090000498401E049010D40398401C03900122C1
:1080A00000980021C8472B2818BF2D2811D104F8AB
:1080B000010B0498401E049004D50398401C0390C3
:1080C000384606E00398401C0390012200980021E6
:1080D000C847002104E069464846FFF75BFC0121E0
:1080E000302808D10498401E0490F4D50398401C11
:1080F00003903846F3E70A001CBF302204F8012B36
:10810000002604E069464846FFF744FC0121A0F13F
:1081100030020A2A86D2082E08DB0498401E0490FA
:10812000F0D50398401C03903846EFE704F8010BA4
:10813000761CF2E700220AA8FCF7DAFDAA0000F09C
:1081400043FC86E7C2E9000140E54C2A0AD153F816
:10815000042B0193002AF5D1DFF85403784400F58D
:1081600054708EE11D681A1D01922DB9DFF840038D
:10817000784400F54F7084E1FCF766FE286025E541
:1081800005980028CCBF401EDFF81C05049000288D
:10819000039808AC1AD4401C0390012200980021D7
:1081A000C8472B2818BF2D2813D18DF820000DF1BA
:1081B000210403990498491C401E0028049003914F
:1081C00006D4009801220021C84702E0401C039019
:1081D00038460021029A1278642A18BF752A0FD0F7
:1081E000692A08BF00250CD06F2A08BF082508D0CF
:1081F000702A1CBF42F02002782A02D1102500E02C
:108200000A2530282ED104980126401E0490039898
:1082100005D4401C039001220098C84702E0401C8E
:108220000390384640F02001C9B2782917D1002DBB
:1082300018BF102D1ED104981025401E04900398DD
:1082400007D4401C0390012200980021C847002653
:1082500010E0401C03903E464FF0000A4DE04DB93F
:10826000082507E0BDBB0A2535E069464846FFF70B
:1082700091FB0126302808D10498401E0490F4D5C3
:108280000398401C03903846F3E731460A0022D099
:10829000302204F8012B1EE0412BA8BFA0F13703C8
:1082A00006DAA3F130020A2A34BFA0F13003FF231B
:1082B000DBB2EAB293421ED219998C4214D30498CD
:1082C000401E0490039812D4401C03900122009891
:1082D0000021C847012110F1010F0CD0C3B2612B5E
:1082E000DADBA0F15703E3E704F8010BE7E7401CF2
:1082F00003900121384606468A463246694648467A
:10830000FFF762FBBAF1000F1DD0002121709DF82C
:108310001C0000287FF45AAC02980078642818BF2B
:10832000692869D02A4608A801F0E8FA01228DF8E8
:108330001E20029A1378702B10D1019B53F8042B46
:1083400001934AB99CE008A8844240F0A98016F144
:10835000010F00F0A680A3E0106037E49DF81D2017
:10836000622A39D0682A11D06A2A25D06C2A06D010
:10837000712A29D0742A18D07A2A0FD035E0019BAF
:1083800053F8042B0193002AE6D179E0019B53F8BE
:10839000042B0193002A73D0108017E4019B53F83B
:1083A000042B0193002AD7D16AE0019B53F8042BD8
:1083B0000193002AD0D163E0019B53F8042B019371
:1083C000002A7FF4BFAE5BE0019B53F8042B0193BE
:1083D000002A7FF4B7AE53E0019B53F8042B0193BE
:1083E000002A4DD01070FFF7F1BB019B53F8042B0E
:1083F0000193002AB0D143E02A4608A801F0D2FA3E
:1084000001228DF81E209DF81D20622AE4D0682AE2
:10841000BCD06A2A1DD06C2A06D0712A21D0742AB9
:1084200010D07A2A07D024E0019B53F8042B019343
:10843000002A91D124E0019B53F8042B0193002AD8
:108440008AD11DE0019B53F8042B0193002A83D1AC
:1084500016E0019B53F8042B0193002A7FF472AEBF
:108460000EE0019B53F8042B0193002A7FF46AAEBF
:1084700006E0019B53F8042B0193002A7FF46CAFB4
:108480009BA000F08DFF3F1A05E000226946484698
:1084900000F03CF80746002F3FF798ABFFF780BB92
:1084A0000027B8F1000F7FF5CFAAB846FFF7CCBA86
:1084B0002C230000CBCCCC0C686A6C747A4C000086
:1084C0001BB0BDE8F08FC9B208E003789942A4BFA1
:1084D00090F802C08C4515DAC01CD21E032A09D3BD
:1084E00043782D2BF1D010F801CB8C4518BF521ECC
:1084F000F4D107E042B110F8013B8B4202D0521E8A
:10850000F9D101E001207047002070472DE9F04FBC
:1085100014460026002C83B083460F464FF0000916
:1085200025D5B868411CB960084601785E2903BFAB
:10853000401CB86010F8018DC846BD6828785D28D9
:108540000CBF681C28465D2100F0D0FE002800F01A
:10855000A280411B0091B8600098032807DB821EAF
:108560002D21681C00F096FE08B14FF001097869D2
:10857000002804DC002C14BF6FF00040012038619B
:10858000387F002801BF786850F804AB7860BAF1F2
:10859000000F07D14FF0FF3401487844801C10E0F1
:1085A000D4220000387FA8B9F87F98B1796851F8D3
:1085B000040B7960B0F1004FC0F007804FF0FF343A
:1085C00043A000F0EDFE201A6BE0B969884288BF35
:1085D0000846B861CDF80480CDF80890DDF8008039
:1085E00000E00226F8683969401C491E00293961FB
:1085F000F86002D54FF0FF3937E0386801220021DA
:10860000D847814619F1010F2FD0002C0CDC1ED564
:108610000298002801980AD0002842464946284678
:1086200012D0FFF750FF09E000F020FE06E000281E
:1086300042464946284603D000F02CFE38B114E0EB
:1086400000F028FE88B102E0FFF73DFF68B1387FF7
:108650000028C6D1B86938B10AF8019B0121B86970
:10866000B977401EB861BCE7012658464A463946EC
:10867000FFF7AAF90CB1022E09D0022E10D0F00794
:1086800002D419F1010F06D14FF0FF3009E0387F15
:1086900030B9B86908B9002003E000208AF800006A
:1086A000012003B0BDE8F08FFEFFFF7F63436E5BE8
:1086B000000000007363616E665F733A206261645C
:1086C00020256E20617267756D656E740000000074
:1086D0007363616E665F733A206261642025632C68
:1086E0002025732C206F7220255B2073697A65002A
:1086F0007363616E665F733A2062616420696E74B1
:108700006567657220617267756D656E7400000043
:1087100010B5144600F002F8226010BDC1F30A53F0
:1087200043B14A0012F5001F28D2A3F2FE32A1EB9A
:108730000251704750EA410C20D001F0004C31EA60
:108740000C01B1FA81F204BFB0FA80F3D2180B3AEF
:10875000B2F120032CBF00FA03F1914041EA0C0171
:108760003EBFC2F1200C20FA0CF319439040524254
:1087700040F2FD33D21A01EB0351704700227047DB
:10878000F0B540F2FF7581EA030C0CF0004C15EADD
:1087900011541DBF15EA1357AC42AF42E5E0BC418E
:1087A000C1F31301C3F31303801A994143F48013F7
:1087B00004D2641E0018494180185941C90241EA97
:1087C0005051B1FBF3F603FB1611A2FB0675D7EB74
:1087D000C020A94102D2761E80185941C90241EA3F
:1087E0005051B1FBF3FE03FB1E11A2FB0E75D7EB3C
:1087F000C020A94103D2AEF1010E8018594189026F
:1088000041EA9051760546EA8E2EB1FBF3F603FB62
:108810001611A2FB0675D7EB8020A94102D2761E65
:1088200080185941C90241EA50514EEA060EB1FB87
:10883000F3F603FB1611A2FB0675D7EBC020A94186
:1088400002D2761E80185941C90241EA5051B1FB4B
:10885000F3F703FB1711A2FB0735D3EBC020A941A7
:1088600067F100070CBF004247F0010766F3D52708
:108870004FEA1E31B80814F5806412DDBD0775F1AA
:10888000004250EB0E5051EB045111F5801F5CBFBC
:1088900041EA0C01F0BD4CF07F6141F0E041002065
:1088A000F0BDBD076D0840EA0E5041F48011D4F1CF
:1088B0000104B4F120060ADAC4F120060200E04007
:1088C00001FA06F3E1401843B24015430EE0342CA0
:1088D00013DCC6F1200445EA40056D0820FA06F2D3
:1088E000154321FA06F0A1400D43002175F1004225
:1088F00050F1000051EB0C01F0BD00205FEA0C01CB
:10890000F0BDCFB992185B41B3FA83F704BFB2FA56
:1089100082F6BF190B3FB7F120062FBF02FA06F30C
:10892000BB40C7F1200622FA06F638BF3343BA40EF
:108930001CB1E419641E33E77F4231F00041B1FA03
:1089400081F404BFB0FA80F6A4190B3CB4F1200600
:108950002FBF00FA06F1A140C4F1200620FA06F666
:1089600038BF3143A0403C1B1AE7AC421ABF05EAAE
:108970001357AF4212E050EA41061CBF52EA4306C9
:10898000BFE750EA4107304661461CBF41EA055146
:10899000F0BD52EA430C08BFC143F0BD00204FF4C4
:1089A000001616EB410F98BF16EB430F08BF16EBEE
:1089B000410F24BFC14305E016EB430F0CBF6146D6
:1089C0004CEA0551F0BD0000124254D440F2FF7C45
:1089D0001CEA11530FD0634531D09B1863453CBF4F
:1089E00001EB0251704701F0004141EA0C510020B7
:1089F000AFF30080704750EA410320D001F0004CF3
:108A000091EA0C011CD0B1FA81F30B3B9A420DD9CB
:108A1000D21A994051EA0C01C3F1200C20FA0CFC47
:108A200061449840531C40F2FF7CD7E7914041EAF3
:108A30000C01C2F1200C20FA0CF31943904070474E
:108A4000B0FA80F31533202BE0D3202AEED3203A5E
:108A5000203B9A4209D9D21A00FA03F141EA0C01EB
:108A60000020531C40F2FF7CB8E700FA02F141EA13
:108A70000C0100207047524240F2FF7C1CEA115367
:108A80000DD06345DBD0B2EB030C3CBFA1EB025130
:108A900070470CF1010221EA035141F4801150EAC0
:108AA000410CCCD001F0004C352A27DC30B481EAEF
:108AB0000C01B2F1200309DAC2F12003044601FAE5
:108AC00003F5D0402843D1409C400CE0C3F1200284
:108AD000450020FA03F418BF44F0010421FA03F022
:108AE00091400C43002174F1004550F1000051EB1E
:108AF0000C01244230BC7FF47BAF704761460020FC
:108B000076E72DE9F84305460C462E68002700E07D
:108B1000761C307800F0AAFB0028F9D130782D2897
:108B20000CBF08272B2800D1761C307840F020019C
:108B30006E2927D1707840F02000612802BFB078FC
:108B400040F020006E2802D02E68002746E0F61C78
:108B5000B046042798F8000028283FD118F8019F54
:108B6000484600F0EBFD0028F8D1A9F130000A28B2
:108B7000F4D398F800005F28F0D029282ED108F10E
:108B800001062BE069292CD1707840F020006E2876
:108B900002BFB07840F02000662802D02E6800277F
:108BA0001CE016F8030F40F0200047F00307692887
:108BB00002BF707840F020006E280FD1B07840F0EE
:108BC0002000692802BFF07840F02000742805D109
:108BD000307940F02000792808BF761DF4B1266076
:108BE0001CE0302802BF707840F02000782813D1B4
:108BF000B01C01782E2908BF401C0078A0F161014B
:108C0000062921BFA0F14102062A30380A2803D2E2
:108C1000B61C47F0020701E047F001072E60384616
:108C2000BDE8F2832DE9F14F8CB04FF00008169D9E
:108C300005EBC5059246C3462D2DC8BF2D25C3F8AB
:108C400000B0C3F804B0D94602E0491C4FF0010956
:108C500008783028F9D0002411E01868401C18600A
:108C60000A78302A08D04FF0010805E0AC42F4DA67
:108C700030380DF80400641C491C4FF001090878D5
:108C8000A0F130020A2AF1D30F461E4600F038FC4C
:108C9000406A39780278914208BF7F1C002C484610
:108CA0000ED1397830290BD13068401E30607F1CDE
:108CB0000120F6E7302918BF4FF001087F1C012082
:108CC0003978A1F130020A2A0AD2AC42F2DAA1F1D3
:108CD00030000DF80400641C3268521E3260EDE76B
:108CE000B8F1000F0DD0ADF10102515D491C515595
:108CF00007E0ADF10103195D49B93268521C3260D9
:108D0000641E002CF5DC04BF8DF800B0012400289F
:108D100056D0092394FBF3F3C4F1090903EBC30311
:108D20004B44092193FBF1F1002201EBC101591AD7
:108D30001AD04FF0010B17E056F82B1001EB810110
:108D400005EB410146F82B100CE0092193FBF1F1F2
:108D500001EBC1011DF80250591AEDD10BF1010BC5
:108D600046F82B505B1C521CA242EEDB397841F0D6
:108D70002001652924D1394617F8012F2B2A16BF67
:108D80002D2A17F8013B2B2300220024124D08E066
:108D9000AC4204DA04EB84020CEB4204303C7F1C4E
:108DA000012297F800C0ACF1300EBEF10A0FEFD3EC
:108DB0002D2B08BF64423368E418346002B90F46B3
:108DC000BAF1000F03D000B90C9FCAF800705846E2
:108DD0000DB0BDE8F08F00BF00E1F50510F00041D7
:108DE00060B148BF4042B0FA80F29040D21CC2F558
:108DF000846241EA025202EBD02140057047000034
:108E000070B491EA030F4FF0004540F1BF806B4012
:108E1000841A71EB030604D26E40001BB141121993
:108E200073414FF4001C1CEB410F34BF7CEB430635
:108E300083E00C0DA4EB1356362E00F37C80012E3C
:108E400045EAC32341DC43EA525312BFD2029202E5
:108E50005B08240545EAC12141EA5051D2EBC0200C
:108E6000994125D407D1B0FA80F610FA06F162D004
:108E70000020203608E0B1FA81F6B140C6F12002A8
:108E800020FA02F21143B0404FEAF474B4EB4654B6
:108E900034F001064FEA74040AD8D6F50016760DB0
:108EA00004F00044F04061FA06F25040F1404840BE
:108EB000C00A40EA415021F0004128BF5FEA500556
:108EC00050F1000044EBD12135E0DB0A45EAC12135
:108ED000C90AB6F120050EDD42EA0242120CC5F1C4
:108EE000200603FA06F6EB4042EA06056D42984179
:108EF00061F100010DE062FA06F5F240554063FAB7
:108F000006FC82EA0C02F3405A406D42904161EB4C
:108F1000030111F4801F05D1641E620502D06D00AB
:108F20004041494121F48011430875F1004350F15B
:108F3000000041EB045170BC70471CEB410F15D28F
:108F400023F0004352EA43060BD04FEA4C0CBCEB33
:108F5000410F04D80C0D661E342EB7DDEBE7801AE6
:108F6000994150EA410608BF0021E4E708BF1CEB25
:108F7000430F28BF6FF00001DDE7000070B491EAF5
:108F8000030F4FF000457FF543AF6B40841A71EB40
:108F9000030603D2001BB141121973414FF4001CA8
:108FA0001CEB410F34BF7CEB430442E00C0DA4EBFF
:108FB0001356352E4FDC45EAC323DB0A45EAC121AF
:108FC000C912B6F120050DDD63FA05F6EB4086EA1D
:108FD0000305124218BF45F00105C01851F1000108
:108FE0000CD213E062FA06F5F2405540F3415A40C4
:108FF000B340F3405A408018594107D349085FEA0B
:1090000030005FEA350528BF45F0010501F5801104
:10901000420875F1004250F1000041EB04514E004E
:1090200016F5001F70BC38BF70470020090D0905F8
:1090300070471CEB410F10D252EA43060BD0BCEB39
:10904000410F05D80C0DAB43661E342EB6DD02E091
:10905000AB438018594170BC704770BC704700002A
:109060002DE9F14F8CB00025169FC7EBC70790463E
:10907000232FC8BF23271D605D60A94602E0491C5D
:109080004FF0010908783028F9D000BF0FF2AC107A
:1090900070A2AA46019000920DF1080B0C461E46E4
:1090A00010E03168491C316009E05745F9DB019A4D
:1090B0000099801A085C0BF80A000AF1010A641C86
:1090C0004FF0010994F800105CA0162200F0E2F8BD
:1090D0000028EAD100F014FA406A2178027891421F
:1090E00008BF641CBAF1000F19D12078302816D1BE
:1090F0003168491E3160641C4FF00109F5E757459E
:109100000ADB019A0099801A085C0BF80A000AF140
:10911000010A3168491E3160641C4FF00109217851
:109120005FF0160245A000F0B5F80028E7D15146DF
:109130008F42484615DA1BF80710072904DD0DF1A8
:109140000702D15D491CD155394633685B1C336039
:1091500007E00DF107035A5C4AB933685B1C3360C2
:10916000491E0029F5DC04BF8DF808500121326842
:1091700092000028326054D0072791FBF7F7C1F125
:10918000070CC7EBC7076744072297FBF2F20023DF
:10919000C2EBC202BA1A17D0012515E056F82520F5
:1091A0000CEB021246F825200CE002AA12F803C0CC
:1091B000072297FBF2F2C2EBC202BA1AEED16D1C83
:1091C00046F825C07F1C5B1C8B42EEDB217841F00A
:1091D0002001702925D1214614F8012F2B2A16BF12
:1091E0002D2A14F8013B2B2300220027DFF848C06A
:1091F00008E0674504DA07EB87020EEB4207303FD1
:10920000641C012294F800E0AEF13009B9F10A0FB4
:10921000EFD32D2B08BF7F423368FF18376002B9A8
:109220000C46B8F1000F03D000B90C9CC8F8004000
:1092300028460DB0BDE8F08F00E1F505303132333E
:109240003435363738396162636465664142434478
:1092500045460000000102030405060708090A0B41
:109260000C0D0E0F0A0B0C0D0E0F000010B504466E
:1092700000F044F901462046096ABDE8104008475D
:1092800010B5044600F03AF901462046896ABDE867
:1092900010400847C9B2830706D0521E22D310F8E7
:1092A000013B9942F7D11FE0083A13D302F10402BF
:1092B00041EA012141EA014150F8043B121F21BF5C
:1092C0004B40A3F1013C2CEA030C1CF0803FF3D08F
:1092D000C9B2001F0832521E24BF10F8013B91EAA8
:1092E000030FF8D818BF0120401E7047C9B202789A
:1092F0008A421AB11CBF10F8012FF9E718BF0020ED
:109300007047000000B500BF130096469446103920
:1093100028BFA0E80C50FAD85FEA417C28BF0CC0F7
:1093200048BF40F8042BC90728BF20F8022B48BFCC
:1093300000F8012B00BD00004018491C1CBFB1F112
:10934000010100F8012DF9D17047000038B50D4D2D
:109350000D4B2A7804464FF47A711868B1FBF2F28B
:10936000B0FBF2F0FCF795F950B9102C08D20022AE
:1093700021464FF0FF30FCF764F9AC60002032BDAD
:10938000012032BDD8050020E40500207047704759
:1093900070477047704770477047704770470000CC
:1093A00080B500B906A005490B681BB12222002137
:1093B000984701E000F0F9FA222002BD6C0B002072
:1093C000636F6E73747261696E742068616E646C31
:1093D00065723A20626164206D6573736167650030
:1093E00041EA030C50EA4C0C52EA0C0C4FF4001CFE
:1093F00009D307D01CEB410F9CBF1CEB430F8B42E2
:1094000008BF824270471CEB430FFBD8994208BF4C
:109410009042704741EA030C50EA4C0C52EA0C0CA3
:109420004FF4001C09D307D01CEB410F9CBF1CEB71
:10943000430F994208BF904270471CEB410FFBD885
:109440008B4208BF82427047C1F30A5340F21E426A
:10945000D31A0CDDCA0283F3070342EA505242F0EA
:109460000042DA4002EBE17282EAE17070476FEA93
:10947000E17203F2E13008B182F000407047000071
:10948000400D40F21E4C40EAC120BCEB115C40F0A4
:10949000004003D48CF30701C84070476FEAE170C5
:1094A0007047000050B1B0FA80F18840C91CC1F586
:1094B0008461090501EBD0214005704701467047E2
:1094C000613807E005E0A0F161011A2901D201200D
:1094D000704741381A288041C00F7047A0F1090138
:1094E000052901D3202801D10120704700207047B1
:1094F000A0F141011A2938BF203070470148704758
:109500000148704720060020E8050020BBBBE1B100
:10951000B2F5803F80F07E80022A1ED98C46B1FBD6
:10952000F2F102FB11C31B0443EA1043B3FBF2FC4C
:1095300002FB1C3380B240EA0343B3FBF2F002FBB0
:10954000103240EA0C4000237047022A05D98446B5
:10955000B0FBF2F002FB10C270474AB105D100F037
:10956000010249085FEA300070470022002370477B
:1095700000F01EBA0B00020000210020704790424C
:1095800071EB030CF6D3B3F5803F2FD2F0B5B3FAED
:1095900083F7B1FA81F4A7F10F0E3D1B5340CEF1D2
:1095A000200602FA0EF2F3415340B5F10F0746D8F8
:1095B0000F3C2C444140C4F12006A040F141414001
:1095C000B1FBF3F603FB1611A2FB0645001BA941F4
:1095D00002D2761E8018594180EA010221FA0EF368
:1095E00062FA0EF200215A403046F0BD30B4B1FBB1
:1095F000F3FC03FB1C11A2FB0C45001BA94103D289
:10960000ACF1010C8018594130BC02460B46604653
:1096100000217047B2F1807F65D3F0B5B2FA82F7CE
:10962000B1FA81F4C7F10F063D1B22FA06F307F1E8
:10963000110EF24120355A40B5F10F07B8D941401B
:10964000C4F12006A040F1414140B1FBF3FC03FB13
:109650001C11A2FB0C45001BA94103D2BCF1010C5B
:10966000801859410F2F12D30F3FC90341EA5041CF
:10967000B1FBF3F603FB1611A2FB0645D4EBC03099
:10968000A94102D2761E8018594146EACC3C07B364
:109690004140C7F12006B840F1414140B1FBF3F62B
:1096A00003FB1611A2FB0645001BA94102D2761E40
:1096B0008018594180EA010221FA0EF3C7F1200413
:1096C00062FA0EF20CFA07F05A402CFA04F1304319
:1096D000F0BD80EA010221FA0EF3002162FA0EF2D7
:1096E00060465A40F0BD8C46B1FBF2F102FB11C35B
:1096F0001B0243EA1063B3FBF2FC02FB1C331B02A8
:109700004CEA002043EA1063B3FBF2FC02FB1C337B
:109710001B024CEA002043EA1063B3FBF2FC02FB9D
:109720001C331B024CEA002043EA1063B3FBF2FC3B
:1097300002FB1C324CEA00200023704710B504469F
:10974000FFF7DCFE014620460969BDE810400847E6
:109750002DE9FC4F85B00C4693460BB100221A60F0
:109760000290824601E00AF1010A9AF80000FFF730
:109770007DFD0028F7D19AF800002D2818BF2B286E
:1097800007BF1AF8010B8DF800002B218DF800108F
:10979000BBF1000F019405D4BBF1010F02D0BBF166
:1097A000250F04DB002C72D0029820606FE0BBF123
:1097B000000F0DDDBBF1100F04BF9AF80000302838
:1097C00002BF9AF8010040F02000782814D10EE082
:1097D0009AF80000302818BF4FF00A0B0CD19AF805
:1097E000010040F02000782804D14FF0100B0AF15E
:1097F000020A01E04FF0080BCDF810A001E00AF1D9
:10980000010A9AF800003028F9D00948784420303D
:10981000002428300025CDF80CA000260027A04603
:109820008DF80100DFF80890F94409F1040919E006
:10983000580D000001469DF80100081A5FFA80F8F3
:109840005846A0FB04234FEAEB7100FB053301FBF4
:109850000433264600212F4612EB080443EB010592
:109860000AF1010A9AF80000FFF70AFD01465A467C
:1098700009F12800FFF70EFD0028DBD104995145BE
:109880005A4607D1019810B101990298086000204A
:10989000002130E0039919F80200AAEB0101091A2E
:1098A00000291BD410DC0023B4EB080065EB030196
:1098B0008D4209D301D8844206D3D317FFF726FE81
:1098C000B94208BFB04209D0AFF30080069808B192
:1098D000012101604FF0FF34254606E09DF80000AD
:1098E0002D2802D1644265EB4505019808B1C0F806
:1098F00000A02046294607B0BDE8F08F00BF002336
:1099000026E700002DE9F8430C0091461D4608BFEC
:109910006C468046474600E07F1C3878FFF7A6FC7F
:109920000028F9D13E782D2E18BF2B2E05D117F81F
:10993000010FFFF79BFC08B109E02B262B464A4696
:1099400021463846FFF704FF2268974205D1C4F844
:10995000008000200021BDE8F4832B2E05D14FF0BC
:109960000043994209D2BDE8F4832D2EFBD1B1F119
:10997000004F12D301D801280FD3AFF300800DB1EF
:10998000012028602D2E19BF4FF0FF306FF00041ED
:1099900000204FF00041BDE8F483404261EB4101FB
:1099A000BDE8F48300BF0023ACE7012000F002B85B
:1099B0007047000080B5AFF30080024A1100182004
:1099C000ABBEFBE726000200303637453036343573
:1099D0003036374530303331303032303036333155
:1099E0003036343830363334303634360000000008
:1099F0003036374530363435303637453030333110
:109A00003030323030363245303632373036343519
:109A100030363438303633340000000030363238D7
:109A20003036323730363341303032303036333101
:109A300030363438303633343036343600000000B7
:109A400030363238303632373036334130303230DB
:109A500030363245303632373036343530363438B9
:109A60003036333400000000303632413036343680
:109A70003036333830364343303634353030323098
:109A8000303632373036324130363438303634358D
:109A90003036323730363241303643433036413952
:109AA000000000003036324630363332303632462F
:109AB0003036414630364343303633313030323041
:109AC000303634313036333930363237303634345C
:109AD00000000000303632463036333230363246FF
:109AE0003036414630364343303633313030323011
:109AF000303633413036434330363331303634310B
:109B000030363339303632373036343400000000E6
:109B100030363232303639383036434330363331EE
:109B20003030323030363431303633393036323707
:109B300030363434000000003036323230363938B6
:109B400030364343303633313030323030363341C3
:109B500030364343303633313030323030363431C2
:109B60003036333930363237303634340000000086
:109B7000303632323036393830364343303633318E
:109B80003030323030363341303643433036333183
:109B9000303634313036333930363237303634348B
:109BA0000000000030363243303633313036434324
:109BB0003036323730363436303032303036343773
:109BC0003036343830363237303032303036413952
:109BD0003036333430364343303032303036343838
:109BE0003030323030363243303633313036434322
:109BF0003036323730363436303032303036323735
:109C0000303633363036323730363431303634371A
:109C10003030323030363238303632373036333119
:109C200030303230303637453036343530363745DF
:109C300030303230303633303036324530364343D0
:109C400030363331303634373030323030363334EA
:109C5000303632460000000030363435303633348A
:109C600030364139303634343030323030363246A6
:109C700030363331303032303036323730363436B9
:109C8000303632463036323730363332303634378B
:109C9000303032303036414630364343303633315F
:109CA0003036434330303044303030413036374541
:109CB000303634353036374530303230303634385F
:109CC0003036333530363434303032303036343666
:109CD0003036343530364343303032303036323837
:109CE00030363237303633343036324600000000FA
:109CF000303634353036333430364139303634341A
:109D0000303032303036343730363438303632371F
:109D100030364139303633343036434330303230E8
:109D200030363745303634353036374530303044CC
:109D300030303041303637453036343530363745BF
:109D400030303230303632453036323730363435D6
:109D500030363438303633343030323030363334D5
:109D60003036324600000000303637453036343564
:109D7000303637453030323030363241303632448A
:109D800030363241303032303036343130363334A0
:109D90003036323730363331303032303036343599
:109DA0003036434330303230303632383036323766
:109DB0003036333430363246303030443030304153
:109DC000303637453036343530363745303032303E
:109DD0003036324530363237303634353036343836
:109DE0003036333430303230303633343036324639
:109DF00000000000303632413036343630363338E9
:109E00003036434330363435303032303036323706
:109E100030363241303634383036343530363237F9
:109E200030363241303643433036413930303230CB
:109E300030363745303634353036374530303044BB
:109E400030303041303634343036333730363431D8
:109E500030363237303032303036343830363331D5
:109E60003036343830363246303643433030323094
:109E700030363232303632383030323030363331BC
:109E800030363237303032303036343830363335A1
:109E90003036343430303230303641393036343682
:109EA0003036434330363246303032303036343854
:109EB0003030323030363435303634363036324168
:109EC0003036333830363331303032303036323865
:109ED0003036343530363237303634363036434328
:109EE00030363246000000003030324130303241EE
:109EF0003030324130363245303634383036333413
:109F00003030323030363232303634353036324618
:109F100030364343303632463030324130303241D1
:109F200030303241000000003036324430363333B6
:109F300030363237303632383030323030364139E0
:109F400030363237303633313036323830363331DE
:109F5000303643433030323030363243303632469A
:109F60003036434330363246303032303036323796
:109F7000303643433036324330363237303632466D
:109F80003030323030363334303632460000000064
:109F9000FEE7FEE7FEE7FEE7FEE770477047704723
:109FA00000F040B81648FBF7C2BFF8B5154908687D
:109FB000A0B9154D154C28882668154A676813689E
:109FC000861926605B1C6888C719676044F62064A0
:109FD000A34202DB01230B6000231360BDE8F240C3
:109FE0000C48FDF7F1BB00E000BF0B48FBF7E6BDF6
:109FF000FBE70A48FBF7E2BD0948FAF7D0B80000D2
:10A000004C090020C8090020D40500207409002054
:10A01000640B0020C80A0020BC08002004090020AE
:10A020000400002002494A68087882184A60704794
:10A03000D8050020303632443036323730363434AA
:10A0400030363241303032303030333430303230EC
:10A05000303632413036343630363338303643439A
:10A0600030363435303032303036333430363246B4
:10A0700030303044303030413036333230363435A1
:10A0800030363237303634363030323030303331AB
:10A09000303033323030333030303230303632429C
:10A0A0003036323730363436303643433036343754
:10A0B0000000000030363244303632373036343427
:10A0C000303632413030323030303331303032306F
:10A0D000303632413036343630363338303643431A
:10A0E0003036343530303230303633343036324634
:10A0F0003030304430303041303633323036343521
:10A10000303632373036343630303230303033312A
:10A11000303033353030323030363242303632370C
:10A1200030363436303643433036343700000000A2
:10A1300030363244303632373036343430363241CD
:10A1400030303230303033323030323030363241ED
:10A1500030363436303633383036434330363435A3
:10A1600030303230303633343036324630303044AE
:10A1700030303041303633323036343530363237A5
:10A1800030363436303032303030333330303330B4
:10A190003030323030363242303632373036343684
:10A1A0003036434330363437000000003036324416
:10A1B0003036323730363434303632413030323067
:10A1C000303033333030323030363241303634365E
:10A1D0003036333830364343303634353030323031
:10A1E000303633343036324630303044303030411F
:10A1F0003036333230363435303632373036343626
:10A20000303032303030333630303330303032303E
:10A2100030363242303632373036343630364343D9
:10A2200030363437000000003036324130363436B4
:10A2300030363338303643433036343530363237C3
:10A2400030363241303032303036323730363336D5
:10A2500030363237303634313036343730303230D1
:10A26000303632433036333130364343303632378E
:10A2700030363436303032303036333030363245A6
:10A280003036434330363331303634373030323085
:10A290003036333430363246000000003036343742
:10A2A000303633343036324630363237303633316A
:10A2B000303030443030304130363238303633315F
:10A2C0003036343230303230303634323036333764
:10A2D000303633393030323030363334303632463F
:10A2E0000000000030363238303633313036343208
:10A2F000303032303036343830363335303634342E
:10A3000030303230303633343036324600000000E0
:10A310003036333230363435303632373036343604
:10A3200030303230303638363036413930303230F5
:10A3300030364139303633313036324630363436C5
:10A3400030303230303634353036324330363246C3
:10A3500030363246303032303036333030363245B7
:10A3600030364343303633313036343730303230A4
:10A370003036333430363246000000003036324357
:10A380003036333130364343303632373036343678
:10A390003030323030363437303634383036323789
:10A3A0003036413930363334303643433030323052
:10A3B0003036374530363435303637453030323048
:10A3C0003036333030363245303643433036333131
:10A3D000303634373030323030363334303632463F
:10A3E00000000000303632443036323730363434F4
:10A3F0003036324130303230303632373036343524
:10A4000030363436303643433036324130364343CB
:10A4100030303230303633413036434330363331EA
:10A4200030303230303634313036333930363237FE
:10A4300030363434303032303036333430363246E1
:10A4400000000000303633323036343530363237A3
:10A4500030363436303032303036343730363438C7
:10A460003036323730364139303633343036434384
:10A4700030303230303632413036343630363338A0
:10A480003036434330363435303032303036333482
:10A49000303632460000000030364139303632372F
:10A4A0003036333130363238303633313030323086
:10A4B0003036324330363246303643433036324619
:10A4C000303032303036323730363336303632375D
:10A4D0003036343130363437303032303036333451
:10A4E00030363246000000003036324430363237E3
:10A4F0003036343430363241303032303036323724
:10A5000030363435303634363036434330363241E7
:10A5100030364343303032303036343130363339F0
:10A5200030363237303634343030323030363334FF
:10A53000303632460000000000002115110E0D0CCF
:10A540000B0B0A0A0909090909080808080808087C
:10A5500007070707070707070707070707000000A0
:10A560003031323334353637383961626364656689
:10A570006768696A6B6C6D6E6F70717273747576F3
:10A580007778797A0000000000004129211C191712
:10A590001615141312121111111010100F0F0F0FA6
:10A5A0000E0E0E0E0E0E0E0D0D0D0D0D0D000000FB
:10A5B0003031323334353637383961626364656639
:10A5C0006768696A6B6C6D6E6F70717273747576A3
:10A5D0007778797A000000003036323230363938F8
:10A5E0003036434330363331303032303030323031
:10A5F0003036334130364343303633313030323009
:10A600003036343130363339303632373036343410
:10A6100030303230303633343036324600000000CD
:10A6200030363745303634353036374530303331D3
:10A6300030303230303633313036343830363334EF
:10A6400030363436303032303036333430363246CD
:10A650000000000000000000000000000000244096
:10A660000000000000005940000000000088C340C6
:10A670000000000084D797410080E03779C3414350
:10A68000176E05B5B5B89346F5F93FE9034F384D58
:10A69000321D30F94877825A3CBF737FDD4F157504
:10A6A0003036374530363435303637453030333153
:10A6B000303032303036324530363237303634355D
:10A6C000303634383036333430303230303633345C
:10A6D00030363246000000003036374530363435EB
:10A6E0003036374530303332303032303036324524
:10A6F000303632373036343530363438303633341D
:10A7000030303230303633343036324600000000DC
:10A7100030B4002512E050F8042BD30744BF4A445C
:10A72000521E091F042942F8045BFAD213468C0713
:10A7300044BF15809B1CC90748BF1D7050F8041BFF
:10A740000029E8D130BC70473036374530363435D3
:10A7500030363745303033323030323030363331C6
:10A7600030363438303633343036343630303230B8
:10A770003036333430363246000000003036323264
:10A78000303639383036434330363331303032307A
:10A79000303634313036333930363237303634347F
:10A7A000303032303036333430363246000000003C
:10A7B000303634373036333430363246303632374E
:10A7C0003036333130303230303633333036333167
:10A7D0003036343230363241000000007363616E2F
:10A7E000665F733A2062616420666C6F6174696EA3
:10A7F000672D706F696E7420617267756D656E7418
:10A800000000000010B5074979441831064C7C441B
:10A81000163404E00A68081D114488470146A14225
:10A82000F8D110BDB0000000CC00000047534D200F
:10A83000424154544552593A256425630D0A475301
:10A840004D20414E54454E3A2564256300000000DA
:10A850006E6F7468696E6720666F722063686563E7
:10A860006B2D3E2A72657365742064657669636535
:10A870002A0000007363616E665F733A2062616450
:10A880002025632C2025732C206F7220255B2061EE
:10A890007267756D656E740000F00FF8002801D0C6
:10A8A000FFF7B0FFAFF300800020AFF30080AFF3FD
:10A8B0000080F9F705F900F002F80120704700F078
:10A8C00001B8000000F000F807463846FFF772F8BC
:10A8D000FBE700003DFEFFFF0805000068060020C2
:10A8E00000000000FB9FFFFFE8000000EE000000FA
:10A8F000000000204EF6A550CFF6F560014603B4E7
:10A90000684680F30988AFF30080AFF30080FFF75B
:10A91000C3FF0000704700000000000000000000BE
:10A92000010203040607080901488047014800475F
:10A9300015A90008F5A800080000000001020304A2
:10A94000FFF7FEBFFFF7FEBFFFF7FEBFFFF7FEBF3B
:10A95000FFF7FEBFFFF7FEBFFFF7FEBFFFF7FEBF2B
:10A96000FFF7FEBFFFF7FEBFFFF7FEBFFFF7FEBF1B
:10A97000FFF7FEBFFFF7FEBFFFF7FEBFFFF7FEBF0B
:10A98000FFF7FEBFFFF7FEBFFFF7FEBFFFF7FEBFFB
:10A99000FFF7FEBFFFF7FEBFFFF7FEBFFFF7FEBFEB
:10A9A000FFF7FEBFFFF7FEBFFFF7FEBFFFF7FEBFDB
:10A9B000FFF7FEBFFFF7FEBFFFF7FEBFFFF7FEBFCB
:10A9C000FFF7FEBFFFF7FEBFFFF7FEBFFFF7FEBFBB
:10A9D000F2460001F3FF050001F1FF01F1FF01F173
:10A9E000FF01F12501FC0B5A2B393839333732344A
:10A9F00032353038368404123101616F118472317E
:10AA0000015115F12B14F1230152013C221008F0E1
:10AA10000507127A00465000080452FF01F2003682
:10AA200014100100003E0C214C2002E80500204BD0
:10AA30002002C79400080852C10812DD0812C5049C
:07AA400052F110E1016188F1
:040000050800A8F552
:00000001FF
